COMM_CODE,COMM_NAME,COMM_WT,INDEX20122013,INDEX20132014,INDEX20142015,INDEX20152016,INDEX20162017,INDEX20172018,INDEX20182019,INDEX20192020,INDEX20202021,INDEX20212022
1000000000,All commodities,100.00000,106.9,112.5,113.9,109.7,111.6,114.9,119.8,121.8,123.4,139.4
1100000000,I    PRIMARY ARTICLES,22.61756,111.4,122.4,125.1,124.6,128.9,130.6,134.2,143.3,145.7,160.7
1101000000,(A).  FOOD ARTICLES,15.25585,110.9,124.5,131.5,134.9,140.3,143.2,143.7,155.8,160.7,167.3
1101010000,a.  FOOD GRAINS (CEREALS+PULSES),3.46238,115.1,124.5,128.4,137.3,152.0,142.6,146.7,159.6,159.3,163.5
1101010100,a1. CEREALS,2.82378,114.1,126.6,129.9,131.3,142.7,143.1,151.0,162.3,158.1,160.7
1101010101,Paddy,1.43052,113.2,129.1,136.6,134.7,143.6,149.4,155.3,160.5,163.5,162.3
1101010102,Wheat,1.02823,115.3,124.9,123.4,128.4,142.1,138.7,149.4,159.2,152.9,160.1
1101010103,Jowar,0.06764,96.8,100.4,115.8,113.9,124.5,123.4,130.3,161.1,154.3,143.3
1101010104,Bajra,0.08637,120.0,133.0,129.6,133.8,155.1,139.1,150.4,193.7,161.2,167.9
1101010105,Maize,0.18927,116.0,123.1,118.5,125.5,137.0,124.7,133.2,175.4,143.3,152.1
1101010106,Barley,0.01437,115.6,119.2,126.8,129.1,155.2,140.6,149.8,172.9,154.6,169.0
1101010107,Ragi,0.00738,139.9,167.5,161.0,161.0,198.6,234.1,214.7,220.9,228.3,231.7
1101010200,a2. PULSES,0.63860,120.0,114.9,121.7,164.0,192.8,140.5,127.3,147.6,164.7,176.0
1101010201,Gram,0.26377,135.3,109.4,103.0,142.0,219.2,164.8,135.7,145.1,153.2,167.6
1101010202,Arhar,0.12914,109.8,118.0,128.1,193.2,181.1,116.8,118.2,149.8,165.9,177.6
1101010203,Moong,0.07088,108.6,122.6,145.7,165.2,136.8,114.0,119.6,142.8,170.0,166.1
1101010204,Masur,0.05299,115.5,132.9,153.9,188.0,176.9,135.4,122.9,139.8,160.3,192.5
1101010205,Urad,0.09165,96.6,100.4,124.1,180.0,201.6,128.2,114.3,149.4,186.7,183.4
1101010206,Peas/Chawali,0.02444,131.1,137.5,132.7,132.8,141.3,135.7,165.4,188.7,196.7,210.3
1101010207,Rajma,0.00573,151.0,176.4,164.7,155.5,159.6,151.4,132.8,137.4,158.9,223.9
1101020000,b.  FRUITS & VEGETABLES,3.47508,114.9,140.4,146.5,139.2,138.7,155.9,147.3,174.7,179.2,187.6
1101020100,b1. VEGETABLES,1.87448,123.5,163.6,159.4,145.7,138.0,164.0,150.2,197.0,203.6,204.5
1101020101,Potato,0.27737,162.9,176.5,227.3,127.5,175.6,117.9,192.6,193.9,290.7,191.4
1101020102,Sweet Potato,0.02051,100.2,104.7,117.8,71.0,71.0,71.0,69.5,68.6,69.9,82.6
1101020103,Onion,0.16445,126.1,270.5,194.0,253.6,117.4,212.0,138.0,306.5,255.2,237.1
1101020104,Tapioca,0.07213,103.1,184.9,136.0,109.1,171.9,177.0,135.3,165.2,165.6,160.0
1101020105,Ginger (Fresh),0.02124,121.4,280.2,266.2,184.8,141.9,131.0,215.9,310.6,191.3,138.5
1101020106,Peas (Green),0.13654,122.9,143.9,170.0,169.8,154.3,135.0,178.9,180.9,157.8,208.4
1101020107,Tomato,0.28446,116.5,160.5,160.6,173.6,131.6,222.5,151.1,249.0,257.7,269.0
1101020108,Cauliflower,0.16697,110.5,125.6,122.6,110.9,118.2,107.6,140.2,192.0,177.7,231.9
1101020109,Brinjal,0.24125,110.2,134.6,122.4,123.0,125.8,177.5,160.0,179.2,172.4,214.9
1101020110,Okra (Lady finger),0.14592,101.4,109.7,95.8,91.3,90.0,126.9,125.1,135.7,142.0,177.4
1101020111,Cabbage,0.12251,133.1,169.6,157.4,150.4,149.9,206.7,135.6,165.8,139.1,161.8
1101020112,Carrot,0.01874,131.5,124.8,155.8,162.7,137.2,137.5,110.5,165.8,149.2,167.4
1101020113,Radish,0.03942,114.9,139.3,117.7,113.9,132.1,115.7,103.7,136.5,141.2,173.2
1101020114,Cucumber,0.00906,108.4,123.0,113.6,119.1,132.0,132.2,148.1,169.2,163.7,168.2
1101020115,Pointed gourd,0.00210,116.1,143.3,127.4,109.7,117.1,107.2,113.7,141.1,145.2,167.7
1101020116,Bitter gourd,0.02261,121.2,150.7,159.5,137.1,183.1,135.1,121.9,146.6,125.4,179.7
1101020117,Bottle gourd,0.02323,114.1,161.5,161.6,138.4,129.2,129.8,133.0,152.1,147.3,164.8
1101020118,Beans,0.08309,117.2,130.0,121.6,137.6,143.3,137.1,106.9,137.2,149.4,156.8
1101020119,Pumpkin,0.00465,123.8,159.1,149.5,118.5,140.3,141.8,126.3,164.2,167.1,161.7
1101020120,Drumstick,0.01823,103.9,157.1,189.7,132.6,130.9,196.0,155.3,229.7,206.7,296.6
1101020200,b2. FRUITS,1.60060,104.9,113.3,131.5,131.6,139.5,146.5,144.0,148.6,150.7,167.7
1101020201,Banana,0.32937,113.2,132.5,146.2,137.1,144.9,158.3,140.6,133.8,129.9,146.3
1101020202,Mango,0.46209,96.0,86.8,107.3,121.2,132.1,126.7,130.2,155.4,180.8,162.3
1101020203,Apple,0.07505,106.9,104.3,110.0,101.0,109.1,114.3,108.7,104.1,113.9,130.4
1101020204,Orange,0.12653,110.5,107.8,111.8,106.9,124.0,125.2,112.8,111.1,130.0,222.5
1101020205,Cashew nut,0.06583,100.0,107.4,119.9,138.9,160.9,177.6,170.7,159.7,159.6,159.8
1101020206,Coconut (Fresh),0.07873,99.0,120.0,169.0,178.4,148.6,203.7,217.9,209.4,224.5,280.4
1101020207,Papaya,0.06368,67.8,74.6,70.0,70.5,73.3,67.7,73.8,83.0,84.9,120.6
1101020208,Grapes,0.04932,96.6,102.5,117.8,123.3,112.5,117.2,116.9,144.2,133.7,161.3
1101020209,Pineapple,0.03089,120.0,131.6,129.6,128.4,148.2,148.0,152.7,171.0,133.4,156.2
1101020210,Guava,0.04560,74.0,113.9,215.3,255.5,248.0,234.3,311.2,322.3,280.3,277.1
1101020211,Litchi,0.02955,141.2,138.5,164.7,169.8,186.2,163.4,129.8,131.7,127.5,126.7
1101020212,Lemon,0.06575,119.7,110.9,141.0,130.7,127.8,102.4,134.3,138.0,103.1,115.0
1101020213,Sapota,0.02814,115.0,111.9,115.0,103.8,107.0,115.8,149.0,162.9,147.7,164.5
1101020214,Mosambi (Sweet Orange),0.02521,100.3,107.7,115.5,113.0,142.6,113.7,125.2,159.2,144.1,163.2
1101020215,Pomengranate,0.02122,98.9,102.9,93.9,77.4,75.8,70.9,72.4,73.0,89.5,100.8
1101020216,Amla,0.01837,111.2,122.0,149.8,140.5,181.0,204.6,164.8,209.3,199.5,198.8
1101020217,Jackfruit,0.02458,141.8,123.7,131.2,112.7,181.5,207.5,129.6,112.9,149.8,126.0
1101020218,Pear,0.01001,89.6,85.5,141.9,131.0,155.1,133.6,127.1,135.0,122.5,118.0
1101020219,Almonds,0.02469,101.2,119.5,140.2,157.7,169.6,181.5,190.4,195.6,204.3,224.3
1101020220,Walnut,0.02599,116.0,144.9,164.6,168.7,171.2,182.2,184.2,192.5,221.4,225.1
1101030000,c.  MILK,4.43999,107.6,116.0,126.6,130.5,134.3,139.7,143.1,146.7,153.4,156.9
1101030001,Milk,4.43999,107.6,116.0,126.6,130.5,134.3,139.7,143.1,146.7,153.4,156.9
1101040000,"d.  EGGS,MEAT & FISH",2.40156,113.3,126.1,130.0,131.9,133.0,135.7,138.0,147.0,151.2,164.0
1101040001,Egg,0.23264,110.6,122.1,122.7,126.3,132.8,137.0,139.6,141.0,148.1,179.1
1101040002,Fish-Inland,0.52500,115.1,136.9,137.3,140.5,139.8,142.5,145.7,153.2,143.5,149.8
1101040003,Fish-Marine,0.42182,114.6,120.5,125.7,130.6,117.9,122.4,134.1,148.3,148.7,161.3
1101040004,Mutton,0.44094,109.7,120.8,129.1,134.9,133.9,131.9,131.0,132.0,156.9,172.6
1101040005,Beef and Buffalo Meat,0.16159,103.5,112.7,120.1,120.1,127.1,147.8,150.0,159.1,163.1,163.9
1101040006,Poultry Chicken,0.55906,118.1,131.0,133.7,129.1,139.0,138.2,134.6,148.8,149.8,162.6
1101040007,Pork,0.06051,107.0,115.4,124.6,123.4,133.6,136.9,141.7,167.8,185.5,197.3
1101050000,e.  CONDIMENTS & SPICES,0.52885,87.1,102.7,120.8,138.9,140.5,125.2,129.6,143.9,149.5,159.8
1101050001,Black Pepper,0.02098,129.6,139.1,183.5,183.6,186.7,158.0,135.7,128.2,123.8,147.8
1101050002,Chillies (Dry),0.14056,83.6,94.4,109.0,130.4,135.7,111.6,126.7,143.2,157.9,166.3
1101050003,Turmeric,0.10015,79.8,103.0,109.3,121.5,117.3,119.7,118.7,114.0,115.5,124.0
1101050004,Cardamom,0.01434,109.7,102.1,121.8,122.3,139.3,129.4,129.6,184.6,152.1,125.0
1101050005,Ginger (Dry),0.02098,86.7,135.9,167.6,161.0,134.7,116.0,147.8,198.3,205.5,230.6
1101050006,Betelnut/Arecanut,0.08487,103.9,111.0,149.2,177.4,166.7,169.5,187.7,192.9,218.4,260.5
1101050007,Cumin,0.06256,102.5,101.0,91.6,108.1,124.0,132.3,126.6,120.0,106.3,105.3
1101050008,Garlic,0.05323,38.3,70.2,95.8,134.1,154.9,75.6,47.5,118.6,109.7,87.5
1101050009,Coriander,0.02154,102.5,145.9,185.9,187.9,157.5,128.6,135.2,153.7,164.9,195.8
1101050010,Tamarind,0.00964,75.3,92.5,105.1,100.7,125.6,154.9,181.5,161.2,170.5,145.4
1101060000,f.  OTHER FOOD ARTICLES,0.94799,102.9,114.3,120.5,135.8,150.5,144.0,144.4,144.0,162.0,168.3
1101060001,Tea,0.12359,132.3,130.8,117.6,120.9,140.1,130.5,140.9,134.1,188.2,162.0
1101060002,Coffee,0.09879,97.0,88.3,112.0,106.6,99.5,98.2,94.0,96.7,102.5,119.0
1101060003,Betel Leaves,0.14419,78.7,121.7,113.7,100.5,142.3,88.8,80.7,82.1,85.4,88.5
1101060004,Sugarcane,0.58142,103.7,113.4,124.3,152.7,163.4,168.4,169.5,169.5,185.6,197.8
1102000000,(B).  NON-FOOD ARTICLES,4.11894,113.3,118.4,115.1,118.2,122.2,119.6,123.1,128.7,130.5,158.1
1102010000,a.  FIBRES,0.83931,99.0,113.7,103.0,99.1,117.1,119.0,127.0,128.2,119.8,158.4
1102010001,Raw Cotton,0.66334,95.0,108.6,95.8,89.5,106.8,107.5,116.6,116.0,105.3,142.4
1102010002,Raw Jute,0.05453,110.3,120.9,132.5,181.5,208.0,160.4,181.9,200.7,235.3,287.1
1102010003,Mesta,0.00225,105.8,119.1,124.8,149.2,152.2,124.0,124.8,134.3,148.9,185.2
1102010004,Raw Wool,0.02629,100.0,100.0,99.1,113.7,133.1,143.1,192.9,207.3,207.3,207.3
1102010005,Raw Silk,0.07735,122.8,154.5,139.4,112.1,135.0,180.6,156.4,155.7,132.6,195.4
1102010006,Coir Fibre,0.01555,108.3,124.4,129.2,122.5,116.1,114.9,122.8,118.9,121.9,121.5
1102020000,b.  OIL SEEDS,1.11530,126.8,125.6,129.2,136.6,136.0,129.9,140.5,151.4,161.7,214.4
1102020001,Groundnut Seed,0.26876,120.5,108.2,106.9,127.9,138.2,122.5,118.3,142.5,154.8,164.2
1102020002,Rape & Mustard Seed,0.24914,131.1,119.1,122.7,145.9,149.4,134.1,142.2,145.1,163.7,210.5
1102020003,Cotton Seed,0.01106,108.7,116.2,117.4,136.4,160.2,143.8,139.4,149.7,158.8,178.6
1102020004,Copra (Coconut),0.07310,80.8,101.4,156.9,132.5,111.1,179.7,210.1,189.2,194.0,209.5
1102020005,Gingelly Seed (Sesamum),0.01201,139.8,154.5,133.7,111.1,118.6,121.6,148.6,175.2,182.3,182.6
1102020006,Linseed,0.00640,125.4,126.4,127.3,132.5,167.6,155.5,146.2,161.5,171.6,220.5
1102020007,Castor Seed,0.09763,84.7,85.1,93.8,89.5,85.0,103.1,111.2,115.4,103.2,124.4
1102020008,Niger Seed,0.00234,118.4,115.9,127.3,222.8,207.6,201.3,145.1,169.9,191.0,249.1
1102020009,Safflower (Kardi Seed),0.00221,114.4,113.7,99.0,107.4,114.0,135.0,145.0,185.3,162.2,196.8
1102020010,Sunflower,0.01659,112.0,114.3,108.7,114.5,111.5,99.8,112.7,121.1,129.6,174.5
1102020011,Soyabean,0.37606,149.4,157.5,154.6,151.1,143.8,129.9,150.1,164.0,174.6,280.8
1102030000,c.  OTHER NON-FOOD ARTICLES,1.96043,112.0,114.3,109.2,113.1,114.9,110.9,107.3,104.8,109.0,119.9
1102030001,Hides (Raw),0.03062,103.1,108.2,108.5,108.5,100.6,99.8,112.2,112.7,108.4,101.6
1102030002,Skins (Raw),0.02290,96.0,102.4,110.2,111.9,114.5,112.2,105.2,98.9,98.6,90.5
1102030003,Tanning Materials,0.00418,100.0,100.0,100.0,100.0,100.0,79.9,66.8,73.3,73.3,73.3
1102030004,Tobacco,0.09374,101.5,106.4,113.3,113.6,113.6,113.6,113.9,113.6,113.6,113.6
1102030005,Gaur Seed,0.10347,186.8,134.2,110.6,87.7,77.2,88.0,96.5,93.6,87.0,121.3
1102030006,Raw Rubber,0.28851,85.1,79.5,62.5,54.2,64.6,62.3,60.5,64.8,67.1,82.8
1102030007,Industrial wood,0.88561,111.0,110.0,99.9,106.5,106.5,106.5,107.7,92.5,93.8,97.6
1102030008,Fodder,0.53140,116.9,138.7,149.0,161.4,164.6,149.5,133.1,147.6,161.1,180.5
1102040000,d.   FLORICULTURE,0.20390,111.2,137.8,143.3,146.4,137.4,148.7,164.1,238.0,210.0,217.0
1102040001,Rose,0.14264,115.1,142.4,147.5,153.8,137.4,148.7,171.9,237.1,196.8,204.9
1102040002,Jasmine,0.03063,100.6,128.5,127.8,130.6,142.7,157.1,157.5,350.8,371.6,372.2
1102040003,Marigold,0.03063,103.9,125.4,139.1,128.3,132.1,140.0,134.6,129.7,109.8,117.9
1103000000,(C).  MINERALS,0.83317,118.2,114.4,118.6,105.6,113.1,122.5,136.5,154.5,164.9,197.2
1103010000,a.  METALLIC MINERALS,0.64818,112.1,105.2,112.2,91.7,98.4,109.1,123.0,147.4,159.8,193.3
1103010001,Bauxite,0.00842,109.8,143.9,152.9,173.3,186.3,236.5,252.4,257.3,238.0,217.0
1103010002,Chromite,0.02645,90.0,77.9,73.0,75.6,78.7,77.7,76.6,72.9,79.9,119.1
1103010003,Zinc Concentrate,0.02752,109.3,123.4,164.6,166.3,158.1,182.9,196.2,215.3,189.2,261.4
1103010004,Manganese Ore,0.03955,120.1,123.7,121.5,83.4,123.3,144.6,156.8,128.6,133.5,147.9
1103010005,Iron Ore,0.20862,103.9,89.2,92.7,55.3,51.0,74.2,90.1,90.0,102.0,156.2
1103010006,Copper Concentrate,0.33393,118.4,112.6,120.7,107.7,118.9,119.2,133.3,182.5,200.6,220.9
1103010007,Lead Concentrate,0.00369,106.2,119.5,153.2,161.9,147.4,172.4,187.4,204.0,180.7,243.7
1103020000,b.  OTHER MINERALS,0.18499,139.5,146.8,140.7,154.1,164.4,169.3,183.5,179.0,183.1,211.0
1103020001,Phosphorite,0.11352,145.6,146.3,133.4,148.4,150.3,135.5,144.5,151.2,162.0,200.6
1103020002,Limestone,0.06947,130.7,149.1,153.6,164.4,188.2,224.4,246.3,222.8,215.8,226.3
1103020003,Garnet,0.00139,100.5,102.6,123.4,138.5,153.0,217.9,280.0,287.7,287.7,332.8
1103020004,Sillimanite,0.00061,86.7,82.1,82.1,82.1,85.7,85.8,101.4,127.6,127.6,127.2
1104000000,(D). CRUDE PETROLEUM & NATURAL GAS,2.40960,109.4,119.0,103.5,76.6,73.1,73.0,92.4,85.3,70.4,110.3
1104000001,Crude Petroleum,1.94537,108.4,117.1,95.2,60.9,63.8,65.0,84.3,73.6,62.0,110.3
1104000002,Natural Gas,0.46423,113.8,126.8,138.5,142.6,112.3,106.4,126.2,134.5,105.6,110.1
1200000000,II FUEL & POWER,13.15190,107.1,114.7,107.7,86.5,86.3,93.3,104.1,102.2,94.0,124.6
1201000000,(A). COAL,2.13813,102.1,104.8,106.7,106.5,109.0,118.7,123.3,125.3,126.6,129.0
1201010000,a. Coking Coal,0.64703,100.0,101.2,101.4,101.4,108.2,134.1,132.9,138.1,141.8,143.0
1201010001,Coking Coal,0.64703,100.0,101.2,101.4,101.4,108.2,134.1,132.9,138.1,141.8,143.0
1201020000,b. Non-Coking Coal,1.40097,103.2,106.8,109.6,109.6,110.5,112.5,119.0,119.0,119.3,119.8
1201020001,a.) Non-Coking Coal G1 to G6 [GCV exceeding 5500 Kcal/kg.],0.49990,105.6,103.0,103.0,103.0,91.0,88.2,87.6,87.6,87.7,87.8
1201020002,b.) Non-Coking Coal G7 to G14 [GCV 3100 Kcal/kg. to 5500 Kcal/kg.],0.88904,101.9,108.9,113.3,113.3,121.2,126.0,136.7,136.7,137.1,137.8
1201020003,c.) Non-Coking Coal G15 to G17 [GCV < 3100 Kcal/kg.],0.01203,103.3,110.8,115.4,115.4,126.3,127.3,123.1,123.1,123.8,125.2
1201030000,c. Lignite,0.09013,98.9,99.2,99.2,94.7,90.2,104.2,120.3,129.1,130.9,170.5
1201030001,Lignite,0.09013,98.9,99.2,99.2,94.7,90.2,104.2,120.3,129.1,130.9,170.5
1202000000,(B). MINERAL OILS,7.94968,110.9,121.6,108.7,73.9,73.3,82.5,96.7,92.3,79.2,126.2
1202000001,LPG,0.64481,107.8,118.6,103.5,76.7,72.0,82.2,92.1,84.5,82.2,117.8
1202000002,Petrol,1.60470,114.9,124.6,108.6,75.7,72.4,80.3,88.4,85.6,75.5,123.0
1202000003,Kerosene,0.18685,107.1,109.3,103.5,88.4,94.3,117.8,152.4,172.8,116.8,221.9
1202000004,ATF,0.31991,112.6,119.7,105.1,69.5,69.3,78.7,102.8,97.2,62.5,112.4
1202000005,HSD,3.09548,111.6,126.3,114.8,73.4,74.4,84.4,97.1,93.7,80.2,128.2
1202000006,Naphtha,0.86678,109.8,119.4,103.0,66.9,66.5,74.5,92.6,82.3,65.1,115.8
1202000007,Bitumen,0.22677,101.3,112.1,106.1,77.1,68.0,71.3,85.6,82.8,77.9,113.2
1202000008,Furnace Oil,0.66576,107.7,111.5,93.6,54.3,58.1,68.8,94.7,81.0,67.9,108.2
1202000009,Lube Oils,0.29199,109.6,114.2,118.8,120.8,116.8,114.0,124.8,131.7,137.2,162.0
1202000010,Petroleum Coke,0.04663,99.4,92.8,94.3,78.3,93.0,117.2,149.7,128.6,132.4,220.1
1203000000,(C). ELECTRICITY,3.06409,100.5,103.6,105.7,105.3,104.2,103.7,109.6,111.8,109.6,117.4
1203000001,Electricity,3.06409,100.5,103.6,105.7,105.3,104.2,103.7,109.6,111.8,109.6,117.4
1300000000,III   MANUFACTURED PRODUCTS,64.23054,105.3,108.5,111.2,109.2,110.7,113.8,117.9,118.3,121.5,135.0
1301000000,(A). MANUFACTURE OF FOOD PRODUCTS,9.12173,108.7,114.1,116.2,114.5,125.4,127.4,128.6,133.9,141.4,157.9
1301010000,a. Processing and preserving of meat,0.13405,111.3,125.3,130.1,133.6,137.1,134.4,136.7,137.5,137.2,142.8
1301010001,"Buffalo meat, fresh/frozen",0.07438,113.6,126.2,129.8,132.7,137.9,131.3,134.2,132.7,132.8,137.5
1301010002,"Meat of goat, fresh or chilled",0.02943,106.9,126.9,134.5,138.7,137.8,137.8,137.8,137.8,137.8,137.8
1301010003,"Other meats, preserved/processed",0.01934,110.2,119.5,126.6,131.4,134.6,141.1,148.1,156.1,149.5,158.1
1301010004,"Chicken/duck, dressed - fresh/frozen",0.01090,108.8,125.0,126.2,130.2,133.7,134.8,130.6,136.5,143.7,165.1
1301020000,"b. Processing and preserving of fish, crustaceans and molluscs and products thereof",0.20396,100.7,122.3,124.2,123.6,127.7,128.1,132.1,136.1,139.0,144.1
1301020001,Shrimps/Prawns - Processed/Frozen,0.06329,95.7,135.5,134.9,115.5,124.2,121.9,119.6,119.7,121.2,121.5
1301020002,Fish frozen/canned/processed,0.14067,103.0,116.3,119.3,127.3,129.3,130.8,137.7,143.5,147.0,154.2
1301030000,c. Processing and preserving of fruit and vegetables,0.13809,104.0,107.5,112.0,116.9,120.2,119.1,114.3,114.3,120.2,122.3
1301030001,Fruit Juice including concentrates,0.04695,102.9,106.9,106.2,110.1,110.9,113.1,106.0,106.0,109.7,110.7
1301030002,Fruit pulp,0.03326,104.6,109.9,115.2,121.5,124.5,117.5,107.5,107.3,109.6,110.5
1301030003,"Jams, jellies, marmalades and puree",0.02391,106.1,112.7,118.8,128.3,137.0,144.6,148.7,147.9,159.6,162.8
1301030004,"Sauces of Vegetables (Tomato, Chilli, Soya & others)",0.03397,103.6,102.1,112.0,113.6,116.8,111.1,108.2,109.0,117.4,121.3
1301040000,d. Manufacture of vegetable and animal oils and fats,2.64293,106.3,104.0,102.0,98.7,107.0,109.4,117.6,119.3,143.5,187.2
1301040001,Vanaspati,0.37937,103.4,101.7,103.3,97.1,107.0,111.1,119.8,126.3,141.5,170.8
1301040002,Mustard Oil,0.18053,116.9,105.8,109.4,124.5,124.7,118.1,124.5,126.2,159.0,220.0
1301040003,Soyabean Oil,0.34251,110.9,107.2,102.7,98.5,104.5,106.1,112.3,114.4,132.7,179.8
1301040004,Sunflower Oil,0.23133,105.6,106.6,95.4,101.3,105.0,103.4,109.9,112.2,134.5,161.8
1301040005,Groundnut Oil,0.05834,122.8,104.1,94.5,109.9,119.5,108.4,109.5,122.0,144.7,160.4
1301040006,Castor Oil,0.02955,92.9,97.2,103.4,97.4,95.9,106.8,112.7,116.3,111.0,139.9
1301040007,Rice Bran Oil,0.29613,108.0,101.7,101.6,98.5,109.4,111.2,123.2,120.9,144.6,196.8
1301040008,Palm Oil,1.01507,103.4,103.7,100.8,92.4,103.9,108.4,116.9,117.3,147.6,196.9
1301040009,Rapeseed Oil,0.01160,114.7,108.0,107.2,119.8,119.0,111.2,112.1,117.3,135.4,181.2
1301040010,Copra oil,0.02769,91.6,107.7,155.2,141.3,129.4,162.4,181.2,167.1,180.3,192.8
1301040011,Cotton seed Oil,0.07081,106.8,102.6,99.3,97.9,100.8,101.6,110.0,113.8,131.9,171.3
1301050000,e. Manufacture of dairy products,1.16545,103.3,112.7,123.7,123.6,132.3,142.1,136.2,145.0,146.9,149.4
1301050001,Condensed Milk,0.02154,110.8,120.8,135.1,136.9,142.5,148.8,141.7,146.0,150.9,150.6
1301050002,Ghee,0.39349,103.8,110.3,122.5,121.6,131.7,143.3,141.1,146.6,151.1,152.5
1301050003,Butter,0.52138,102.3,112.7,122.1,125.3,138.0,147.7,140.5,146.2,145.9,149.5
1301050004,Ice cream,0.06189,105.5,110.0,120.2,123.7,126.3,128.6,129.6,131.8,136.5,147.0
1301050005,Powder Milk,0.16715,103.5,118.4,131.4,121.2,116.8,125.5,112.6,142.3,143.4,142.7
1301060000,f. Manufacture of grain mill products,2.00952,112.3,124.8,127.2,124.0,136.2,137.4,141.6,146.3,143.5,145.6
1301060001,Maida,0.19044,116.4,131.5,131.4,129.4,143.6,136.8,149.3,157.1,144.7,148.8
1301060002,Wheat flour (Atta),0.21121,115.3,125.2,128.8,128.3,142.5,139.5,148.7,155.8,146.5,150.7
1301060003,Wheat Bran,0.03970,119.4,130.2,137.0,140.2,157.1,153.2,162.1,181.9,168.8,177.0
1301060004,Sooji (rawa ),0.02473,114.5,128.6,131.3,131.9,141.8,138.6,146.8,153.2,148.1,147.7
1301060005,"Flour of cereals other than rice, wheat etc.",0.00742,133.3,139.8,146.3,162.5,178.0,164.6,168.0,188.4,207.7,238.0
1301060006,Gram powder (besan),0.09590,127.9,103.6,100.4,142.0,207.7,162.5,138.4,145.2,153.0,162.1
1301060007,"Rice, Non-basmati",0.94347,112.0,127.5,131.2,129.2,143.5,151.0,150.2,154.6,154.4,152.6
1301060008,Basmati rice,0.42640,105.5,119.9,120.9,102.6,96.0,99.0,111.9,114.7,111.8,117.5
1301060009,Rice products,0.07025,108.8,120.5,122.1,116.4,128.3,136.8,153.1,142.0,141.9,146.0
1301070000,g. Manufacture of starches and starch products,0.10955,106.0,111.5,108.9,110.9,114.6,112.6,116.6,135.5,115.9,133.3
1301070001,Vegetable starch,0.10955,106.0,111.5,108.9,110.9,114.6,112.6,116.6,135.5,115.9,133.3
1301080000,h. Manufacture of bakery products,0.21459,107.3,114.3,120.3,123.6,127.0,128.8,129.3,133.5,138.1,146.2
1301080001,"Biscuit, cookies",0.15875,106.5,112.7,118.0,121.3,123.8,124.6,123.7,124.9,128.1,135.7
1301080002,"Bread, buns & croissant",0.03500,110.4,120.8,129.2,131.8,139.9,146.1,151.5,164.6,173.8,183.8
1301080003,"Cakes, pastries & muffins",0.02084,108.8,115.7,123.4,127.4,130.2,132.2,134.2,147.0,154.1,162.8
1301090000,"i. Manufacture of sugar, molasses & honey",1.16275,111.8,108.7,108.3,98.6,124.8,128.0,111.2,118.3,118.4,122.9
1301090001,Sugar,1.05553,111.7,107.0,105.6,95.2,122.6,126.8,113.2,117.6,117.3,121.6
1301090002,Molasses,0.04486,116.6,133.4,145.0,137.2,166.2,135.2,30.9,102.6,116.4,130.0
1301090003,Bagasse,0.02760,111.4,127.1,132.9,134.1,140.7,149.4,140.3,146.5,136.4,130.2
1301090004,Gur,0.02354,112.0,116.2,116.7,109.9,123.1,133.1,124.9,131.0,132.9,134.5
1301090005,Honey,0.01122,100.3,109.9,137.3,145.1,136.0,145.6,141.5,153.8,156.5,171.5
1301100000,"j. Manufacture of cocoa, chocolate and sugar confectionery",0.17501,105.1,109.9,116.4,118.9,125.5,126.1,126.7,127.2,128.0,130.5
1301100001,Chocolate & cocoa powder,0.09685,105.0,112.1,120.2,122.9,129.4,127.5,129.9,127.3,126.2,132.2
1301100002,Sugar confectionary,0.07816,105.3,107.1,111.6,113.9,120.7,124.4,122.8,127.1,130.2,128.4
1301110000,"k. Manufacture of macaroni, noodles, couscous and similar farinaceous products",0.02640,107.3,112.6,117.2,122.1,137.1,131.4,134.5,132.7,132.3,136.7
1301110001,Noodles & similar extruded products,0.02640,107.3,112.6,117.2,122.1,137.1,131.4,134.5,132.7,132.3,136.7
1301120000,l. Manufacture of Tea & Coffee products,0.37083,111.6,122.2,121.6,123.9,125.9,129.1,137.7,139.7,166.5,171.1
1301120001,Processed Tea,0.33175,111.7,123.2,121.9,123.9,126.6,129.8,140.0,141.9,171.6,176.3
1301120002,Instant Coffee,0.03292,112.2,114.2,118.2,121.5,115.2,120.3,113.7,115.0,119.3,120.4
1301120003,Coffee powder with chicory,0.00616,107.6,110.4,123.1,134.7,143.2,137.5,141.5,150.4,143.4,160.6
1301130000,m. Manufacture of Processed condiments & salt,0.16302,96.8,106.6,114.6,121.6,124.5,118.2,122.2,132.4,147.0,157.5
1301130001,Spices (including mixed spices),0.13610,94.5,105.1,114.3,123.6,127.2,119.2,123.7,134.5,150.2,160.1
1301130002,Salt,0.02692,108.0,113.8,116.1,111.6,111.2,113.5,114.7,121.7,130.7,143.9
1301140000,n. Manufacture of processed ready to eat food,0.02428,105.4,108.5,116.7,123.0,126.3,127.2,127.0,128.7,132.2,137.0
1301140001,Instant Food/Prepared meals based on vegetables,0.02428,105.4,108.5,116.7,123.0,126.3,127.2,127.0,128.7,132.2,137.0
1301150000,o. Manufacture of Health supplements,0.22500,106.5,121.4,127.2,135.7,143.2,141.1,143.6,159.9,142.9,153.5
1301150001,Corn Flake,0.18477,105.9,116.6,124.7,134.5,146.8,145.2,148.6,168.7,150.8,162.2
1301150002,Whey powder,0.04023,109.3,143.4,138.9,141.3,126.9,122.3,120.6,119.5,106.8,113.2
1301160000,p. Manufacture of prepared animal feeds,0.35630,125.7,138.3,139.1,152.9,165.4,153.0,157.5,173.6,170.5,200.9
1301160001,Gola & similar Cattle Feed,0.21073,123.9,141.0,141.6,148.4,158.3,154.1,157.4,174.7,171.9,197.9
1301160002,Rice Bran Extract,0.03918,117.9,128.3,120.9,123.4,141.4,135.4,145.0,161.9,154.6,178.6
1301160003,Soya preparations excluding oil,0.01012,132.1,151.7,159.3,156.3,151.7,139.5,142.7,144.5,150.7,197.6
1301160004,Cotton seed oil cake,0.06115,114.8,127.2,129.0,148.5,168.7,145.8,150.8,169.6,160.8,200.4
1301160005,Mustard oil cake,0.03512,161.6,148.7,156.0,218.9,233.2,182.6,187.6,195.7,202.5,246.0
1302000000,(B). MANUFACTURE OF BEVERAGES,0.90907,104.5,110.1,113.3,113.9,116.1,118.9,120.7,123.6,124.5,126.8
1302010000,a. Manufacture of wines & spirits,0.40833,105.2,110.5,112.7,110.8,113.3,113.8,113.8,117.8,120.2,123.6
1302010001,Spirits,0.23997,105.5,110.3,111.5,107.4,107.1,106.6,106.5,109.9,110.9,114.7
1302010002,Wine,0.09479,101.8,105.9,105.6,110.8,115.4,118.5,119.2,117.0,118.5,120.3
1302010003,Rectified spirit,0.07357,109.0,117.3,126.1,122.1,130.8,131.4,130.3,144.4,152.3,157.0
1302020000,b. Manufacture of malt liquors and malt,0.22526,101.7,107.1,111.3,111.4,114.2,117.9,120.5,125.7,126.5,130.5
1302020001,Beer,0.16276,101.1,106.7,110.3,113.1,117.5,122.4,125.1,128.7,128.6,131.5
1302020002,Country liquor,0.06250,103.4,108.0,114.1,106.9,105.5,106.3,108.6,117.8,120.9,127.7
1302030000,c. Manufacture of soft drinks; production of mineral waters and other bottled waters,0.27548,105.8,112.0,115.6,120.6,121.8,127.4,131.2,130.5,129.4,128.6
1302030001,Aerated drinks/soft drinks (incl. soft drink concentrates),0.25793,105.8,112.0,115.5,120.9,122.1,127.7,131.6,130.9,129.6,128.7
1302030002,Bottled Mineral water,0.01755,104.4,112.7,117.9,115.4,117.4,123.2,125.2,124.4,125.7,126.8
1303000000,(C). MANUFACTURE OF TOBACCO PRODUCTS,0.51357,108.4,114.4,123.3,133.0,141.6,148.4,150.4,153.4,157.2,160.2
1303010000,a. Manufacture of tobacco products,0.51357,108.4,114.4,123.3,133.0,141.6,148.4,150.4,153.4,157.2,160.2
1303010001,Cigarette,0.16619,110.8,115.7,133.3,150.4,159.4,152.8,158.7,169.0,175.8,175.0
1303010002,Biri,0.11183,111.5,118.6,126.6,138.4,150.2,173.7,187.5,189.3,193.6,203.1
1303010003,Other tobacco products,0.23555,105.3,111.5,114.6,118.1,125.0,133.2,126.9,125.4,127.0,129.5
1304000000,(D). MANUFACTURE OF TEXTILES,4.88068,104.0,111.8,112.7,109.1,111.2,113.4,117.9,117.7,117.6,135.2
1304010000,a. Preparation and spinning of textile fibres,2.58154,103.9,113.0,110.9,102.2,103.3,106.2,110.6,107.9,106.6,128.2
1304010001,Cotton Yarn,1.34192,104.8,116.8,114.8,106.7,110.2,113.3,116.8,114.6,114.2,140.3
1304010002,Synthetic yarn,0.53794,103.2,108.3,105.1,97.6,95.8,96.5,103.5,99.3,95.6,112.4
1304010003,Viscose yarn,0.09019,107.2,108.2,106.6,102.8,107.1,109.6,113.7,113.9,110.1,123.9
1304010004,Woollen yarn,0.10192,101.1,108.1,111.4,105.5,106.0,107.6,113.2,114.7,108.8,115.8
1304010005,Texturised and twisted Yarn,0.50957,102.1,109.8,107.3,94.3,91.6,96.7,100.7,97.1,96.9,116.2
1304020000,b. Weaving & Finishing of textiles,1.50903,103.6,109.8,114.3,117.3,120.9,122.0,127.3,130.1,131.7,146.8
1304020001,Cotton woven cloth,0.00942,101.7,110.6,114.1,114.8,115.9,114.3,112.0,109.7,112.8,122.6
1304020002,Woollen woven cloth,0.04506,108.4,113.5,116.7,115.1,114.7,115.3,123.1,126.0,126.3,127.6
1304020003,Synthetic Fabric – Others,0.05493,103.3,106.8,108.1,108.3,109.2,110.4,112.6,111.3,106.0,118.2
1304020004,"Cotton cloth (dyed, printed, or otherwise finished/processed)",0.94619,102.9,110.3,114.8,112.8,113.9,116.7,122.6,124.9,122.5,136.3
1304020005,"Fabric, polyethylene",0.05304,110.8,120.2,121.7,115.8,113.1,116.9,122.6,117.2,117.4,129.8
1304020006,"Fabrics/cloth, rayon",0.08362,106.3,111.6,113.5,102.8,104.1,113.0,115.9,113.2,109.2,123.1
1304020007,Jute sacking cloth/Gunny and hessian cloth,0.31677,103.2,106.0,112.7,136.7,150.5,144.2,148.7,156.7,173.2,195.6
1304030000,c. Manufacture of knitted and crocheted fabrics,0.19296,105.9,112.8,112.3,105.8,107.1,108.6,112.9,114.5,115.2,125.5
1304030001,Knitted fabrics of cotton,0.17714,106.0,112.6,111.8,104.9,106.2,107.9,112.5,114.5,114.9,124.7
1304030002,Cotton hosiery cloth,0.01582,104.7,115.0,118.4,116.0,116.7,115.9,117.7,115.3,118.3,134.6
1304040000,"d. Manufacture of made-up textile articles, except apparel",0.29850,105.3,109.9,115.1,117.5,121.7,124.6,130.3,134.5,132.3,138.7
1304040001,Bed linen/Bed Spread,0.05655,104.4,107.4,109.5,113.9,117.3,120.5,124.6,132.2,138.3,143.0
1304040002,Blankets,0.00895,98.0,100.9,99.4,95.3,91.1,91.7,92.8,90.3,84.7,87.3
1304040003,Quilts,0.00900,94.2,94.4,94.6,95.4,96.4,95.3,102.6,114.2,120.8,122.0
1304040004,Cotton Dyed/printed textile,0.04900,99.8,104.9,113.5,114.9,118.0,124.0,128.7,128.3,128.8,133.9
1304040005,Cotton Towel,0.09734,108.2,111.0,117.6,122.4,127.8,129.8,142.9,150.8,140.7,149.3
1304040006,Terry Towel,0.05824,107.4,118.1,122.1,120.5,122.8,124.5,121.8,121.5,119.6,127.6
1304040007,Curtains,0.01942,110.6,110.5,119.0,121.7,135.6,140.6,143.0,144.3,146.4,149.9
1304050000,"e. Manufacture of cordage, rope, twine and netting",0.09776,108.3,118.3,129.5,141.7,143.0,141.7,138.7,143.1,155.6,168.5
1304050001,Nylon rope,0.00911,106.0,113.0,114.5,110.7,104.2,106.3,108.9,109.1,109.1,113.8
1304050002,Cordage/ropes/twines of jute and coir,0.08865,108.5,118.9,131.0,144.9,146.9,145.3,141.7,146.6,160.4,174.1
1304060000,f. Manufacture of other textiles,0.20089,102.3,110.0,112.3,112.3,112.9,117.5,118.3,116.8,116.3,126.2
1304060001,Tyre cord fabric,0.07297,99.7,103.4,101.2,90.8,83.5,87.1,95.1,88.6,83.8,101.9
1304060002,Carpets and other floor coverings of textiles,0.12792,103.8,113.8,118.6,124.5,129.6,134.9,131.5,133.0,135.0,140.1
1305000000,(E). MANUFACTURE OF WEARING APPAREL,0.81414,112.2,117.7,122.6,128.7,131.0,136.9,138.8,138.3,138.6,143.1
1305010000,"a. Manufacture of wearing apparel (woven), except fur apparel",0.59324,115.3,119.9,125.5,133.3,133.9,137.8,139.4,139.2,138.1,142.0
1305010001,Shirts/half shirts of cotton and/or man-made fibre,0.35583,122.9,127.2,129.7,138.8,140.8,145.5,147.6,147.6,147.3,155.0
1305010002,Trouser/pants made of cotton and/or man-made fibre,0.01377,102.0,105.6,115.9,120.2,122.7,125.8,128.1,130.1,127.6,129.2
1305010003,"Men/Boys suits, coats and jackets",0.12904,102.0,105.1,118.9,125.7,122.3,127.2,129.9,133.1,133.0,130.8
1305010004,Leather garments incl. Jackets,0.09460,106.8,114.8,119.5,124.6,125.8,124.7,123.3,117.2,112.1,110.5
1305020000,b. Manufacture of knitted and crocheted apparel,0.22090,103.8,111.8,115.0,116.5,123.3,134.5,137.0,135.9,139.8,145.8
1305020001,"Cardigans and pullovers, knitted",0.03253,101.2,108.4,113.5,113.1,113.7,121.1,123.0,123.3,118.3,119.3
1305020002,"Shawls and scarves, knitted",0.06085,110.9,116.3,124.8,128.2,132.5,153.9,156.5,152.6,167.1,176.9
1305020003,"Babies garments, knitted",0.08874,100.1,111.7,109.6,110.6,123.8,133.7,137.7,138.6,140.7,146.7
1305020004,"Hosiery goods, others– cotton",0.03878,103.4,107.6,113.0,114.4,115.5,117.3,116.5,114.2,112.5,117.3
1306000000,(F). MANUFACTURE OF LEATHER AND RELATED PRODUCTS,0.53540,107.3,114.8,120.7,122.0,122.6,120.1,121.8,118.6,117.9,119.2
1306010000,a. Tanning and dressing of leather; dressing and dyeing of fur,0.14215,112.9,121.5,130.6,126.3,119.9,110.9,111.0,105.5,101.1,103.4
1306010001,Vegetable Tanned Leather,0.00002,110.5,118.9,124.0,103.6,104.0,104.3,103.5,102.5,97.8,96.1
1306010002,Chrome Tanned Leather,0.14213,112.9,121.5,130.6,126.3,120.0,110.9,111.0,105.5,101.1,103.4
1306020000,"b. Manufacture of luggage, handbags, saddlery and harness",0.07540,109.1,120.0,123.9,132.2,132.3,131.2,134.7,136.3,138.6,141.5
1306020001,"Travel goods, handbags, office bags, etc.",0.03798,110.6,119.1,127.1,129.0,131.2,132.6,137.3,140.4,143.9,149.5
1306020002,Belt & Other Articles of Leather,0.01909,103.7,109.7,108.0,130.0,126.6,125.4,127.9,127.5,129.3,132.5
1306020003,"Harness, Saddles & Other related Items",0.00831,114.4,139.2,136.6,138.4,134.3,131.4,133.3,133.1,132.8,132.1
1306020004,Gloves of leather,0.01002,109.2,127.0,131.6,143.0,146.1,136.7,139.3,140.5,141.3,135.6
1306030000,c. Manufacture of footwear,0.31785,104.4,110.6,115.4,117.6,121.5,121.6,123.5,120.3,120.6,121.0
1306030001,Leather Shoe,0.20737,103.4,111.0,115.2,117.7,123.6,122.5,124.9,120.0,120.0,116.4
1306030002,Athletic/sport shoes,0.01651,102.5,110.6,114.2,115.3,113.0,115.3,115.1,110.4,110.6,104.5
1306030003,Canvas shoes,0.01281,106.3,114.8,116.1,118.2,121.5,126.7,131.0,132.8,138.4,141.0
1306030004,Plastic/PVC Chappals,0.06382,105.8,105.7,112.3,114.1,114.7,116.1,116.2,117.5,122.4,137.7
1306030005,Waterproof footwear,0.01734,112.1,121.8,129.9,130.4,129.0,134.4,135.3,134.9,117.1,114.9
1307000000,(G). MANUFACTURE OF WOOD AND OF PRODUCTS OF WOOD AND CORK  ,0.77181,110.9,118.8,124.6,130.0,129.8,131.5,133.5,133.7,134.6,141.0
1307010000,a. Saw milling and planing of wood,0.12417,110.6,115.3,119.5,119.9,122.9,120.5,124.5,122.2,120.7,128.8
1307010001,"Timber/wooden plank, sawn/resawn",0.05444,111.1,114.4,120.0,121.5,122.6,116.2,119.9,118.8,117.0,128.3
1307010002,"Wood cutting, processed/sized",0.05037,108.2,115.4,121.5,123.3,129.8,129.9,134.0,130.1,126.1,129.7
1307010003,Wooden splint,0.01936,115.7,117.8,112.9,106.3,105.9,108.3,112.9,111.1,117.0,128.0
1307020000,"b. Manufacture of veneer sheets; manufacture of plywood, laminboard, particle board and other panels and boards",0.49330,109.9,116.7,122.3,129.7,127.3,131.5,136.3,135.5,136.6,141.9
1307020001,Plywood block boards,0.19458,106.3,111.7,118.0,122.9,119.5,121.4,121.0,123.6,125.7,130.4
1307020002,Particle Boards,0.11558,107.5,111.7,113.5,113.2,108.5,111.4,115.3,113.0,112.6,119.1
1307020003,Lamination wooden sheets/Veneer sheets,0.18314,115.1,125.2,132.5,147.3,147.4,154.8,165.7,162.3,163.3,168.7
1307030000,c. Manufacture of builders’ carpentry and joinery,0.03558,111.0,115.8,125.0,140.1,153.8,159.8,158.7,176.2,185.8,193.9
1307030001,Wooden panel,0.02696,113.3,117.7,128.9,148.8,166.8,176.4,176.8,199.4,212.6,223.4
1307030002,Wooden board (non-electrical),0.00862,103.7,109.9,112.7,112.9,113.3,107.8,102.1,103.6,101.9,101.8
1307040000,d. Manufacture of wooden containers,0.11876,115.8,131.8,139.3,138.7,140.3,134.5,124.1,125.7,125.7,134.1
1307040001,Wooden block - compressed or not,0.00965,104.0,109.7,112.7,117.0,119.1,128.4,138.5,140.3,141.8,143.6
1307040002,Wooden box/crate,0.10911,116.8,133.8,141.6,140.6,142.2,135.1,122.9,124.4,124.3,133.3
1308000000,(H). MANUFACTURE OF PAPER AND PAPER PRODUCTS,1.11322,103.6,110.2,114.0,112.7,113.6,118.9,123.3,121.1,121.7,137.5
1308010000,"a. Manufacture of pulp, paper and paperboard",0.49296,103.3,111.2,116.1,115.5,117.7,122.3,129.3,125.0,124.1,141.4
1308010001,Newsprint,0.07923,105.1,114.2,115.2,111.5,112.5,113.4,127.9,113.1,108.6,128.6
1308010002,Paper for printing & writing,0.19261,102.7,112.4,117.3,116.8,119.3,123.2,133.8,134.1,126.8,135.0
1308010003,Paper bag including craft paper bag,0.00123,100.0,100.0,100.0,118.2,143.2,173.5,177.6,133.4,129.2,179.2
1308010004,Base paper,0.01093,107.3,111.4,119.5,115.3,115.5,126.8,122.6,118.2,125.9,147.1
1308010005,Kraft paper,0.08220,102.0,107.5,112.8,115.6,117.7,128.2,126.2,117.3,124.8,157.5
1308010006,Laminated Paper,0.02820,109.1,116.1,122.4,122.1,127.5,136.0,140.9,139.1,139.4,145.8
1308010007,Card board,0.03100,97.0,104.3,111.9,110.0,111.9,115.4,111.0,110.6,116.7,154.4
1308010008,Tissue paper,0.02255,103.4,117.5,121.0,119.1,125.1,123.7,137.0,140.7,155.2,174.1
1308010009,Press board,0.00300,100.3,102.9,108.7,105.9,102.2,100.7,103.8,107.5,102.9,114.1
1308010010,Hard board,0.00062,102.7,107.2,110.3,120.1,129.7,130.6,136.6,136.6,131.1,146.2
1308010011,Bristle paper board,0.03288,105.2,106.8,114.9,114.9,114.6,116.8,121.3,114.4,119.8,133.8
1308010012,Poster paper,0.00604,102.9,110.2,119.9,121.3,121.6,125.2,127.5,128.3,127.7,130.8
1308010013,Pulp board,0.00247,101.9,104.8,104.3,107.2,100.4,100.6,100.2,99.6,95.9,114.6
1308020000,b. Manufacture of corrugated paper and paperboard and containers of paper and paperboard,0.31422,107.7,112.0,114.2,113.5,114.7,116.1,116.5,115.0,122.2,137.8
1308020001,Corrugated sheet box,0.19469,110.8,114.1,114.2,109.7,109.5,108.9,107.0,104.0,114.2,130.2
1308020002,Corrugated paper board,0.01591,100.6,106.5,111.0,114.3,119.9,123.5,121.2,123.1,128.8,143.9
1308020003,Card board box,0.02722,109.2,112.4,114.9,115.2,113.2,122.9,124.5,125.2,129.4,146.5
1308020004,Paper carton/box,0.07640,100.7,107.6,114.8,122.3,127.5,130.3,136.8,137.6,138.9,152.6
1308030000,c. Manufacture of other articles of paper and paperboard,0.30604,99.9,106.9,110.3,107.4,105.9,116.2,120.6,121.2,117.4,131.0
1308030001,Duplex paper,0.18002,96.1,100.9,105.8,102.6,98.8,113.4,116.8,117.3,118.6,136.5
1308030002,Map litho paper,0.09799,105.4,115.0,117.1,116.1,118.9,122.7,129.2,130.0,117.8,124.3
1308030003,Laminated plastic sheet,0.02803,105.1,116.8,115.9,107.9,106.1,111.9,115.4,116.0,107.9,119.9
1309000000,(I). PRINTING AND REPRODUCTION OF RECORDED MEDIA ,0.67622,110.5,118.7,126.2,136.1,141.1,143.7,146.6,150.6,153.8,157.8
1309010000,a. Printing,0.67622,110.5,118.7,126.2,136.1,141.1,143.7,146.6,150.6,153.8,157.8
1309010001,Newspaper,0.03031,109.5,121.0,132.3,131.7,130.5,131.9,138.2,140.6,145.5,151.7
1309010002,Journal/periodical,0.21333,108.2,120.9,132.6,142.7,149.7,148.5,152.4,158.2,161.7,168.9
1309010003,Printed labels/posters/calendars,0.09471,111.6,112.9,108.5,107.3,107.2,108.3,102.6,103.3,101.4,102.3
1309010004,Printed form & schedule,0.01659,106.6,125.0,120.1,133.8,127.8,125.7,126.3,141.8,146.9,152.5
1309010005,Printed Books,0.29985,113.2,120.0,129.1,144.2,151.1,157.3,162.1,165.6,170.3,172.7
1309010006,Hologram (3D),0.00297,74.2,84.0,93.2,94.2,104.0,111.9,116.1,116.8,115.4,119.0
1309010007,Sticker plastic,0.01846,97.5,97.0,96.7,93.1,87.6,88.8,89.7,91.4,89.6,94.6
1310000000,(J). MANUFACTURE OF CHEMICALS AND CHEMICAL PRODUCTS,6.46505,108.3,113.3,116.1,112.6,111.0,112.5,119.1,117.5,118.2,133.5
1310010000,a. Manufacture of basic chemicals,1.43330,107.2,112.1,114.1,105.8,104.7,111.2,125.0,119.9,118.6,143.8
1310010001,Fatty acid,0.02257,103.5,102.5,102.7,87.4,97.0,100.8,100.4,97.4,110.9,139.8
1310010002,Organic Solvent,0.00015,108.2,118.7,113.0,96.9,98.3,100.1,107.9,96.7,93.4,123.0
1310010003,Dye stuff/dyes incl. dye intermediates and pigments/colours,0.22821,109.2,124.6,132.9,113.6,113.2,116.7,127.1,127.9,124.7,141.2
1310010004,Acetic acid and Its Derivatives,0.02452,100.7,107.2,118.8,102.7,89.7,113.7,133.7,107.3,117.2,188.2
1310010005,Aromatic chemicals,0.03278,104.4,108.8,112.4,106.3,101.6,103.1,118.7,118.0,117.0,126.1
1310010006,Caustic soda (sodium hydroxide),0.08237,122.4,114.3,114.9,120.1,124.8,155.8,162.3,137.9,108.2,154.6
1310010007,Soda ash/washing soda,0.06255,115.2,117.2,128.3,125.0,123.0,125.9,134.9,138.0,126.9,148.9
1310010008,Carbon Black,0.10555,109.2,111.7,103.0,77.8,68.3,85.0,117.2,102.3,88.6,131.3
1310010009,Ethyl acetate,0.03246,98.9,105.8,112.6,101.7,98.0,103.7,115.6,105.1,110.4,142.2
1310010010,Mono Ethyl Glycol,0.04397,104.0,113.0,106.8,102.8,90.7,104.4,105.1,73.3,72.1,95.9
1310010011,Alkyl Benzene,0.07318,106.2,117.6,105.7,86.1,83.2,86.6,94.8,91.7,92.6,121.7
1310010012,Ethylene Oxide,0.01294,108.3,115.3,115.5,102.4,99.1,103.2,111.3,105.2,100.5,118.3
1310010013,Other Petrochemical Intermediates,0.00684,91.0,99.4,106.4,107.5,102.7,103.9,110.7,112.1,111.8,125.8
1310010014,Menthol,0.02162,120.2,94.0,80.5,83.6,86.9,103.8,121.2,112.8,89.9,80.4
1310010015,Camphor,0.00751,88.5,105.5,105.9,93.5,94.0,131.5,218.6,201.6,219.8,235.4
1310010016,Amine,0.05566,116.5,128.1,127.0,118.9,111.5,115.9,132.2,135.0,136.3,163.0
1310010017,"Aniline (including pna, ona, ocpna)",0.03068,119.4,128.3,129.4,116.7,114.6,121.3,127.1,120.6,150.9,196.9
1310010018,Nitric Acid,0.02048,104.9,112.6,126.5,138.4,144.4,123.7,142.2,135.5,149.6,187.4
1310010019,Sulphuric Acid,0.03029,98.3,84.8,99.7,108.5,105.0,110.6,167.1,119.6,103.5,166.4
1310010020,Phosphoric acid,0.02073,106.2,99.7,105.1,110.7,96.1,89.1,92.2,91.7,89.8,103.0
1310010021,Liquid air & other gaseous products,0.04450,101.0,102.4,106.5,108.1,110.3,112.7,120.2,126.9,131.5,136.5
1310010022,Alcohols,0.12767,100.0,111.5,119.0,110.7,110.6,115.6,126.3,123.9,135.1,157.4
1310010023,Other Inorganic Chemicals,0.28422,102.8,102.2,102.7,101.7,105.0,107.2,122.5,124.3,126.8,144.4
1310010024,Phthalic anhydride,0.01910,122.0,127.8,99.6,80.1,87.8,96.4,108.2,98.5,94.1,118.1
1310010025,Ammonium nitrate,0.01281,105.0,109.8,115.2,115.1,112.1,108.5,115.0,118.2,120.0,163.0
1310010026,Catalysts,0.01697,108.2,117.5,130.4,124.0,122.2,127.1,131.7,145.2,151.1,164.9
1310010027,Sodium Silicate,0.01297,104.6,108.2,117.9,118.5,118.9,117.3,120.5,125.2,124.9,145.0
1310020000,b. Manufacture of fertilizers and nitrogen compounds,1.48497,113.5,116.5,118.9,121.4,118.7,117.1,121.1,123.1,123.6,129.6
1310020001,Urea,0.72685,101.7,104.7,106.4,111.8,112.4,111.8,111.6,111.2,109.8,110.1
1310020002,Di ammonium phosphate,0.07425,133.7,132.4,135.1,136.4,127.3,125.2,141.2,138.2,136.0,145.3
1310020003,Ammonium sulphate,0.03420,113.2,110.8,123.6,114.8,104.8,102.2,106.0,108.9,116.0,129.0
1310020004,"Nitrogenous fertilizer, others",0.00427,116.4,127.9,129.7,134.5,132.1,130.1,138.5,139.1,138.8,146.1
1310020005,Mixed fertilizer,0.45476,121.3,125.9,130.0,131.8,126.1,123.5,129.6,135.8,140.5,149.5
1310020006,Ammonium phosphate,0.04093,133.9,132.7,133.7,135.3,129.6,125.4,142.3,145.5,138.0,154.0
1310020007,Ammonia gas,0.04383,120.2,115.7,113.4,94.0,85.8,84.3,91.9,96.1,91.6,133.3
1310020008,Ammonia liquid,0.02116,123.4,125.4,126.7,120.9,109.1,107.2,120.8,124.6,118.0,183.8
1310020009,"Superphospate/Phosphatic fertilizer, others",0.08472,139.1,145.2,143.0,143.7,144.3,141.6,149.2,152.4,153.0,148.8
1310030000,c. Manufacture of plastic and synthetic rubber in primary form,1.00082,108.9,118.5,124.4,115.3,113.7,113.0,117.6,112.4,116.7,140.3
1310030001,Poly Propylene (PP),0.19433,110.0,126.4,128.0,107.1,108.1,108.6,121.4,114.3,116.6,140.8
1310030002,Poly Vinyl Chloride (PVC),0.08347,106.5,113.1,113.2,105.5,108.6,110.9,115.9,114.4,124.4,153.1
1310030003,Polyethylene,0.51618,109.3,117.9,130.1,123.7,118.6,118.9,120.3,111.1,115.7,142.0
1310030004,"Polystyrene, expandable",0.02619,114.4,135.4,132.7,124.1,124.6,125.9,129.3,122.7,120.8,141.7
1310030005,Oleoresin,0.07154,95.8,88.3,93.0,98.5,113.1,93.9,88.2,96.0,106.8,129.8
1310030006,XLPE Compound,0.10911,114.5,127.1,118.5,107.0,102.4,104.0,115.5,122.5,121.0,127.6
1310040000,d. Manufacture of pesticides and other agrochemical products,0.45369,107.5,111.1,120.7,122.6,116.8,115.3,120.2,122.6,124.4,132.1
1310040001,Insecticide and Pesticide,0.38578,106.9,109.6,119.1,120.0,112.6,111.9,117.1,118.7,119.6,126.8
1310040002,Agro chemical formulation,0.06434,110.9,120.0,129.6,137.2,138.5,133.6,137.0,144.6,151.1,159.3
1310040003,"Fungicide, liquid",0.00357,104.7,120.0,126.6,141.6,176.5,158.1,152.7,154.8,155.0,208.1
1310050000,"e. Manufacture of paints, varnishes and similar coatings, printing ink and mastics",0.49145,105.5,109.7,111.9,109.8,108.5,108.6,112.7,114.7,114.9,130.4
1310050001,Paint,0.38664,106.1,109.9,112.3,110.4,109.2,108.9,112.7,114.2,114.5,130.6
1310050002,Varnish (all types),0.01733,104.1,110.1,115.6,122.1,123.5,122.8,129.9,132.1,128.7,138.4
1310050003,Powder coating material,0.01208,105.2,108.0,106.1,104.0,105.6,108.2,112.4,113.1,110.9,121.3
1310050004,Printing ink,0.07540,103.0,108.6,110.0,105.0,101.9,103.9,108.8,113.1,113.9,129.4
1310060000,"f. Manufacture of soap and detergents, cleaning and polishing preparations, perfumes and toilet preparations",0.61219,106.8,111.5,112.4,112.3,113.7,115.2,116.8,118.6,120.6,128.1
1310060001,Toilet soap,0.07605,106.1,107.3,110.1,109.0,112.4,112.5,110.8,111.0,114.0,126.2
1310060002,"Detergent cake, washing soap cake/bar/powder",0.30512,109.9,115.6,114.7,114.2,113.6,117.5,121.0,124.3,128.5,137.3
1310060003,Organic surface active agent,0.01834,102.7,109.4,113.0,98.7,97.1,96.1,97.8,94.0,95.9,115.6
1310060004,Tooth paste/Tooth Powder,0.02704,104.0,111.7,118.3,122.4,122.8,122.1,121.1,122.5,120.9,124.7
1310060005,Agarbatti,0.02364,102.4,108.2,109.5,112.8,117.3,116.1,115.6,116.8,120.8,121.1
1310060006,Perfume/scent,0.10008,101.9,105.7,108.5,111.5,119.1,117.9,118.4,118.2,112.7,115.4
1310060007,Creams & Lotions for External Application,0.02734,102.9,102.9,100.7,95.4,92.8,90.9,93.2,95.1,100.2,99.7
1310060008,Face/Body Powder,0.00413,111.5,125.5,141.2,151.1,151.8,153.5,154.3,172.0,170.3,180.2
1310060009,Hair oil/Body Oil,0.00890,101.2,105.1,113.2,113.9,113.7,113.5,119.3,125.0,126.8,127.3
1310060010,Shampoo,0.01534,103.7,101.6,99.5,98.1,98.5,91.9,91.0,87.0,87.7,98.2
1310060011,Mosquito coil,0.00621,116.0,129.6,137.5,141.9,150.6,154.2,139.1,139.3,144.7,154.1
1310070000,g. Manufacture of other chemical products,0.69227,104.8,110.7,111.8,108.4,106.5,110.1,116.6,114.2,115.1,130.3
1310070001,Safety matches (match box),0.06202,105.5,104.1,102.8,106.5,108.2,109.2,110.2,108.5,112.7,118.1
1310070002,Plasticizer,0.00818,109.6,112.8,107.8,96.9,97.4,103.8,113.7,103.5,115.6,150.5
1310070003,Polyester film(metalized),0.08695,101.5,114.3,114.0,111.0,105.9,107.6,117.7,117.5,114.2,126.7
1310070004,Adhesive excluding gum,0.12705,106.1,110.3,110.6,104.3,100.7,103.5,106.6,105.5,104.6,117.2
1310070005,Adhesive tape (non-medicinal),0.02592,100.6,105.7,111.1,113.8,112.9,109.8,111.9,114.6,117.2,132.4
1310070006,Gelatine,0.02008,118.3,133.0,144.2,139.5,133.3,127.8,128.0,133.5,146.2,159.1
1310070007,Hydrogen peroxide,0.03517,104.8,111.0,104.7,98.4,103.9,122.6,147.3,110.7,104.8,111.6
1310070008,"Epoxy, liquid",0.09037,100.5,106.3,105.9,102.6,100.5,106.1,114.9,117.3,116.3,125.7
1310070009,Additive,0.08986,108.0,114.3,116.4,108.7,105.8,109.8,116.7,115.5,117.9,141.5
1310070010,Foundry chemical,0.00808,103.9,98.8,89.3,96.2,95.7,99.7,102.7,103.6,105.9,117.2
1310070011,Explosive,0.08728,107.3,115.6,118.4,117.0,119.5,120.5,125.1,124.5,129.0,151.3
1310070012,Rubber Chemicals,0.00748,100.3,103.2,101.3,107.9,109.2,109.5,113.2,114.4,112.8,128.7
1310070013,Organic chemicals,0.04383,100.3,101.6,110.6,106.8,99.8,108.6,114.5,108.9,108.5,137.3
1310080000,h. Manufacture of man-made fibres,0.29636,102.3,105.6,100.9,93.3,94.1,97.5,104.0,97.9,93.7,106.6
1310080001,Polyester chips or Polyethylene terepthalate (PET) chips,0.14608,101.2,102.7,94.1,83.6,85.4,90.2,100.1,89.4,82.9,98.5
1310080002,Acrylic fibre,0.04353,101.7,106.5,105.9,100.2,100.2,102.8,107.8,106.4,104.7,115.9
1310080003,Viscose staple fibre,0.01984,101.0,100.3,99.0,88.5,93.8,95.8,98.2,96.9,94.3,93.4
1310080004,Polyester fibre fabric,0.08691,104.6,111.4,110.5,107.3,105.9,107.4,110.1,108.4,106.1,118.6
1311000000,"(K). MANUFACTURE OF PHARMACEUTICALS, MEDICINAL CHEMICAL AND BOTANICAL PRODUCTS",1.99345,104.8,108.3,114.5,118.7,119.7,121.2,123.5,127.3,130.9,135.9
1311010000,"a. Manufacture of pharmaceuticals, medicinal chemical and botanical products",1.99345,104.8,108.3,114.5,118.7,119.7,121.2,123.5,127.3,130.9,135.9
1311010001,Anti inflammatory preparation,0.00306,100.3,106.3,121.0,130.8,132.3,127.3,128.5,123.0,111.5,138.7
1311010002,Anti cancer drugs,0.08012,89.1,92.9,98.9,105.8,99.2,84.4,75.1,80.8,77.2,72.6
1311010003,"Antipyretic, analgesic, anti-inflammatory formulations",0.00358,102.5,112.7,117.1,104.0,94.2,107.1,136.8,126.5,135.9,207.9
1311010004,"Vials/ampoule, glass, empty or filled",0.02630,105.6,102.8,104.0,107.6,106.0,109.7,111.2,109.4,104.9,113.6
1311010005,Anti-retroviral drugs for HIV treatment,0.01316,100.2,96.8,95.3,101.1,103.7,101.8,102.3,102.9,106.1,106.4
1311010006,Antidiabetic drug excluding insulin (i.e. tolbutam),0.11682,105.4,102.9,104.9,103.1,116.0,111.8,115.6,120.1,132.9,145.2
1311010007,API & formulations of vitamins,0.70266,107.5,110.3,113.0,120.6,123.0,125.6,127.7,132.8,136.2,140.3
1311010008,Vaccine for hepatitis B,0.00037,114.0,120.1,124.9,131.4,150.9,162.8,169.2,172.0,172.6,181.4
1311010009,Ayurvedic medicaments,0.06506,109.2,115.9,124.4,128.6,132.2,135.2,140.6,147.4,153.6,159.8
1311010010,Simvastatin,0.05230,101.9,102.5,101.3,114.2,113.7,107.1,106.7,106.3,106.5,119.1
1311010011,Digestive enzymes and antacids,0.03613,102.4,103.7,108.2,110.1,110.7,113.5,120.5,123.4,124.0,126.5
1311010012,Vaccine for polio,0.01289,104.7,109.2,121.3,124.0,140.5,137.2,128.6,128.7,132.6,136.3
1311010013,Antibiotics & preparations thereof,0.23061,105.8,106.7,114.0,112.6,110.8,112.9,118.6,119.3,125.0,133.0
1311010014,Sulpha drugs,0.03627,107.6,128.5,131.8,136.9,143.9,155.9,159.9,196.5,193.4,199.4
1311010015,Anti allergic drugs,0.00959,113.1,115.1,116.1,121.8,114.6,124.6,118.2,114.6,117.6,111.5
1311010016,Antioxidants,0.02243,101.2,111.2,109.3,110.7,104.8,131.5,139.2,138.8,140.5,161.5
1311010017,Antiseptics and disinfectants,0.01460,104.0,113.5,113.5,108.5,103.9,104.7,104.1,107.2,105.2,107.7
1311010018,Cotton wool (medicinal),0.00652,100.0,102.0,110.7,110.8,110.8,115.1,124.6,126.2,129.0,123.8
1311010019,Plastic capsules,0.07553,104.7,118.3,120.6,127.8,125.7,136.7,144.4,144.0,151.1,160.2
1311010020,Steroids and hormonal preparations (including anti-fungal preparations),0.01615,100.5,105.5,108.8,112.1,114.3,107.0,103.5,102.0,100.9,107.8
1311010021,Anti-malarial drugs,0.06041,106.3,112.3,118.5,119.9,110.2,99.1,93.5,96.8,95.8,94.3
1311010022,IV fluids,0.01785,111.7,117.3,112.8,112.1,113.1,105.4,104.1,109.0,104.4,110.9
1311010023,Medical accessories,0.39104,102.2,106.0,122.6,125.0,125.4,128.6,130.6,133.1,136.9,139.5
1312000000,(L). MANUFACTURE OF RUBBER AND PLASTICS PRODUCTS,2.29851,103.7,110.1,111.8,108.2,107.5,107.6,109.6,108.5,111.3,124.8
1312010000,a. Manufacture of rubber tyres and tubes; retreading and rebuilding of rubber tyres,0.60897,103.1,105.4,106.0,102.4,101.4,100.3,98.9,98.9,98.3,104.3
1312010001,Motor Car Tyre,0.20706,101.4,105.8,105.7,103.6,102.9,101.0,99.6,99.0,98.9,105.0
1312010002,Tractor Tyre,0.03327,100.1,99.8,98.5,97.3,95.6,96.0,93.9,92.7,90.6,100.0
1312010003,2/3 wheeler Tyre,0.04030,101.7,100.4,100.8,102.5,99.1,98.6,102.0,103.6,102.2,107.9
1312010004,Medium & heavy commercial vehicle tyre,0.12918,102.5,105.1,106.2,103.4,98.5,97.3,97.9,97.2,96.7,104.9
1312010005,Solid Rubber Tyres/Wheels,0.00473,103.4,103.2,102.8,100.0,98.1,98.0,97.3,96.1,97.8,100.1
1312010006,Rubberized dipped fabric,0.00203,101.9,105.0,104.8,86.5,89.7,104.4,108.9,97.5,93.8,133.0
1312010007,Motor Car Tube,0.01126,99.9,101.6,101.5,98.4,101.2,98.2,94.9,94.2,92.1,94.8
1312010008,Rubber cloth/sheet,0.01224,123.1,123.5,133.7,130.7,129.5,135.5,133.5,140.0,141.8,147.3
1312010009,2/3 wheeler rubber tube,0.01601,104.0,108.7,111.6,112.0,112.5,117.8,123.2,122.6,121.5,126.0
1312010010,Medium & heavy commercial vehicle tube,0.12918,105.5,106.2,106.4,96.6,100.2,97.1,90.4,92.1,91.6,95.6
1312010011,Cycle/Cycle rickshaw tyre,0.02371,104.4,106.6,109.0,107.1,101.7,109.8,112.8,111.6,107.8,109.7
1312020000,b. Manufacture of other rubber products,0.27178,100.3,99.3,95.6,91.4,90.4,91.0,91.7,93.5,93.3,101.9
1312020001,V belt,0.01101,102.9,107.6,111.2,109.9,103.4,116.6,122.8,123.7,126.2,132.3
1312020002,Rubber moulded goods,0.03434,102.8,104.5,103.9,104.6,103.3,104.6,107.6,111.9,109.5,118.0
1312020003,Processed rubber,0.01724,99.4,101.0,92.0,88.6,92.1,92.8,94.1,94.9,91.3,105.5
1312020004,Rubber components & parts,0.01732,103.6,106.4,107.7,104.7,95.2,94.9,98.9,101.0,102.4,116.3
1312020005,Conveyer belt (fibre based),0.04791,108.0,104.3,101.1,95.1,90.2,91.5,92.8,98.2,97.3,106.4
1312020006,Elastic webbing,0.00914,103.9,106.5,107.5,103.8,100.0,98.2,100.4,101.2,101.7,115.6
1312020007,Condoms,0.01310,104.4,103.8,105.1,109.2,116.7,115.9,111.8,110.7,110.1,111.2
1312020008,Rubber Crumb,0.05232,90.8,89.1,73.0,64.6,69.3,68.7,69.3,69.3,69.1,78.6
1312020009,Rubber Tread,0.01864,103.0,98.4,105.2,91.0,86.6,88.1,87.2,87.3,88.5,94.9
1312020010,Rubber tubes- not for tyres,0.05076,97.1,94.8,93.7,92.2,91.7,90.0,88.0,88.4,89.9,96.0
1312030000,c. Manufacture of plastics products,1.41776,104.7,114.3,117.3,114.0,113.3,113.9,117.6,115.4,120.3,138.0
1312030001,PVC fittings & other accessories,0.16210,107.7,117.2,117.8,116.3,117.8,104.5,103.4,104.5,122.9,163.5
1312030002,Polyester film (non-metalized),0.01969,103.8,119.0,114.6,103.3,96.0,95.4,107.9,101.3,96.8,111.1
1312030003,Polypropylene film,0.05098,99.8,109.9,112.7,101.2,97.4,96.3,98.2,99.5,103.7,128.7
1312030004,Plastic film,0.24113,105.1,113.9,116.2,111.8,110.3,107.4,111.0,109.2,113.7,130.4
1312030005,Polythene film,0.04306,105.1,114.6,123.8,118.5,116.2,125.3,130.5,125.8,125.5,143.8
1312030006,Plastic furniture,0.04680,108.2,123.0,127.5,129.4,134.6,133.7,137.1,141.1,141.1,167.8
1312030007,Plastic bag,0.01975,108.2,120.5,126.0,118.0,116.6,121.4,125.5,117.6,121.8,144.9
1312030008,Plastic bottle,0.06262,103.2,107.5,106.1,102.1,99.7,101.2,105.3,103.6,105.0,109.5
1312030009,Thermocol,0.06841,106.7,121.5,124.6,119.5,112.8,121.3,126.1,123.4,125.7,147.0
1312030010,Plastic box/container,0.31065,103.3,113.4,117.5,113.2,111.8,117.8,123.1,117.5,123.5,136.0
1312030011,Plastic tube (flexible/non-flexible),0.07563,103.4,112.3,116.1,114.1,116.4,115.1,117.4,118.9,126.6,148.1
1312030012,Plastic tape,0.01448,104.7,111.1,111.6,108.9,109.6,108.2,111.8,112.1,116.2,133.1
1312030013,Plastic components,0.20335,103.7,112.4,116.1,115.3,116.7,118.8,123.3,118.6,117.4,128.3
1312030014,Plastic tank,0.03701,107.9,117.0,120.8,120.7,121.2,123.4,122.8,118.6,117.0,124.1
1312030015,Acrylic/plastic sheet,0.01563,105.2,112.6,113.7,107.7,107.4,109.5,114.0,113.1,116.6,136.7
1312030016,Tooth brush,0.03926,101.3,108.6,114.8,114.9,113.0,120.7,127.6,138.8,141.1,145.3
1312030017,Plastic button,0.00721,114.8,130.6,142.9,140.6,155.6,158.7,162.9,167.2,168.6,174.7
1313000000,(M). MANUFACTURE OF OTHER NON-METALLIC MINERAL PRODUCTS,3.20176,107.2,107.5,111.3,110.5,109.8,112.7,115.9,116.7,117.6,123.7
1313010000,a. Manufacture of glass and glass products,0.29504,105.4,106.9,113.0,114.5,116.6,117.2,121.4,124.5,127.2,139.1
1313010001,Ordinary sheet glass,0.00555,108.9,110.8,122.2,115.9,113.2,113.1,112.4,107.8,112.9,163.1
1313010002,Toughened glass,0.02939,103.1,104.8,107.0,109.3,109.9,103.7,92.8,92.4,92.5,111.8
1313010003,Fibre glass incl. sheet,0.03063,103.1,108.7,113.9,119.5,122.0,122.7,128.2,126.1,130.3,137.2
1313010004,Glass bottle,0.19850,105.9,106.3,112.9,113.7,115.8,116.7,123.3,128.5,131.6,143.6
1313010005,Opthalmic lens,0.03097,105.9,110.1,116.9,118.9,123.8,128.1,131.0,130.7,131.3,134.4
1313020000,b. Manufacture of refractory products,0.22322,108.5,111.9,115.2,119.6,116.2,113.2,111.1,108.7,109.5,115.6
1313020001,Non ceramic tiles,0.00760,108.2,113.1,120.2,124.0,122.5,129.6,145.7,148.5,147.2,157.1
1313020002,Ceramic tiles (Vitrified tiles),0.17903,109.5,112.7,118.7,124.0,119.8,116.4,113.1,109.9,111.7,118.2
1313020003,Plain bricks,0.03659,103.7,107.4,97.1,97.2,97.4,94.0,94.1,94.5,90.4,93.9
1313030000,c. Manufacture of clay building materials,0.12113,108.3,113.0,120.4,102.5,94.3,94.0,98.0,102.8,109.3,119.3
1313030001,Porcelain sanitary ware,0.12113,108.3,113.0,120.4,102.5,94.3,94.0,98.0,102.8,109.3,119.3
1313040000,d. Manufacture of other porcelain and ceramic products,0.22247,103.7,102.7,108.2,110.4,111.8,112.5,112.7,113.9,109.5,112.9
1313040001,Porcelain crockery,0.02145,108.8,116.9,125.9,132.4,135.9,140.4,142.7,144.3,147.5,167.0
1313040002,Electric insulating material,0.20102,103.2,101.2,106.2,108.1,109.2,109.6,109.5,110.7,105.4,107.1
1313050000,"e. Manufacture of cement, lime and plaster",1.64480,107.8,106.4,110.9,109.9,110.6,113.8,114.3,119.5,120.9,126.4
1313050001,Lime and calcium carbonate,0.02789,103.0,104.3,106.5,107.1,106.5,111.4,115.6,116.8,119.1,128.5
1313050002,Clinker,0.31582,111.2,107.7,109.8,112.8,112.5,115.7,111.0,116.9,119.8,130.3
1313050003,Ordinary Portland cement,0.85277,107.2,104.3,110.1,107.0,107.8,111.4,112.6,119.9,120.8,125.4
1313050004,slag cement,0.09830,108.8,111.2,112.6,114.1,113.6,121.6,124.7,126.5,129.4,137.6
1313050005,Pozzolana cement,0.09194,109.4,106.7,110.2,108.2,109.9,111.4,110.1,114.0,115.2,118.7
1313050006,White cement,0.18047,105.5,112.0,115.8,117.5,119.5,119.3,125.4,125.1,121.6,123.5
1313050007,Cement superfine,0.07761,104.6,105.5,113.7,110.4,110.9,114.0,113.1,110.7,120.8,123.3
1313060000,"f. Manufacture of articles of concrete, cement and plaster",0.29248,108.8,112.5,116.5,116.1,115.3,118.9,121.5,121.6,125.3,129.2
1313060001,Asbestos corrugated sheet,0.12181,115.3,116.0,117.9,114.0,110.8,113.3,114.9,114.6,122.1,125.6
1313060002,Marble Slab,0.09603,104.7,111.1,117.5,122.8,125.2,128.7,128.9,126.5,125.6,129.3
1313060003,Railway sleeper,0.00490,107.9,111.3,117.1,116.7,116.2,125.4,136.0,144.3,150.3,157.3
1313060004,Cement blocks (concrete),0.04345,101.5,105.1,109.8,106.1,105.1,110.3,119.1,124.3,128.5,132.0
1313060005,Poles & posts of concrete,0.02629,105.4,113.5,117.5,117.8,117.1,121.7,125.6,128.0,129.8,136.0
1313070000,"g. Cutting, shaping and finishing of stone",0.23351,103.6,107.5,112.2,114.1,117.4,117.2,118.8,120.2,121.1,122.2
1313070001,Granite,0.15735,103.4,107.1,111.4,112.7,118.0,119.3,121.7,123.4,125.9,126.6
1313070002,"Stone, chip",0.07616,104.2,108.3,113.8,117.2,116.1,112.9,112.8,113.3,111.1,113.1
1313080000,h. Manufacture of other non-metallic mineral products,0.16911,108.6,106.9,94.5,87.8,70.9,89.9,130.4,86.6,78.9,90.6
1313080001,Graphite rod,0.16911,108.6,106.9,94.5,87.8,70.9,89.9,130.4,86.6,78.9,90.6
1314000000,(N). MANUFACTURE OF BASIC METALS,9.64632,104.8,102.9,103.5,92.0,91.1,101.4,112.2,106.2,111.4,140.1
1314010000,a. Inputs into steel making,1.41103,107.8,103.5,104.6,85.4,82.9,98.2,113.0,100.6,109.2,150.8
1314010001,Sponge Iron/Direct Reduced Iron (DRI),1.00352,108.1,101.6,102.8,81.1,73.7,89.4,109.0,94.7,105.7,148.7
1314010002,Ferrochrome,0.11195,104.5,106.9,110.4,102.5,114.4,121.6,121.1,112.4,122.6,169.9
1314010003,Ferromanganese,0.02589,107.3,110.7,114.3,95.2,104.4,121.5,124.1,117.7,116.3,153.7
1314010004,Ferrosilicon,0.02314,104.7,111.9,115.2,99.3,88.4,94.6,100.5,94.9,98.8,127.9
1314010005,Silicomanganese,0.21885,108.3,108.0,106.4,92.5,103.6,121.8,126.1,118.0,117.9,154.2
1314010006,Other ferro alloys,0.02768,107.3,106.9,111.8,96.2,100.0,118.2,122.3,117.5,117.7,141.7
1314020000,b. Metallic iron,0.65301,103.0,97.2,96.5,77.0,79.4,99.4,117.8,107.7,113.3,147.7
1314020001,Pig Iron,0.65301,103.0,97.2,96.5,77.0,79.4,99.4,117.8,107.7,113.3,147.7
1314030000,c. Mild Steel - Semi Finished Steel,1.27356,107.3,103.7,103.5,93.3,89.8,93.2,99.5,95.1,99.8,119.1
1314030001,Mild Steel (MS) Blooms,0.64842,104.9,99.3,98.7,81.2,76.0,88.3,99.8,91.8,99.4,126.2
1314030002,MS Slabs,0.58341,110.0,108.8,108.8,107.2,105.5,98.3,98.3,98.3,99.3,109.3
1314030003,MS Pencil Ingots,0.04173,105.3,100.4,103.3,87.8,84.4,97.9,112.6,101.3,111.2,147.7
1314040000,d. Mild Steel -Long Products,1.08063,101.9,98.8,100.8,87.0,85.3,95.6,110.2,105.5,112.0,137.4
1314040001,MS Wire Rods,0.37842,105.2,102.5,103.7,90.3,89.9,100.5,112.7,106.2,111.3,141.1
1314040002,MS Bright Bars,0.55727,102.2,97.9,100.1,82.8,79.9,91.7,108.9,102.7,110.2,138.8
1314040003,Rails,0.13227,90.6,91.2,95.1,95.2,95.3,97.9,108.0,115.1,121.9,120.5
1314040004,"Angles, Channels, Sections, steel (coated/not)",0.01267,109.6,106.0,102.3,85.8,79.2,96.4,117.9,106.1,110.9,143.4
1314050000,e. Mild Steel - Flat products,1.14442,105.4,105.0,102.5,88.5,89.4,104.9,119.6,108.7,117.2,157.5
1314050001,"Hot Rolled (HR) Coils & Sheets, including Narrow Strip",0.88361,106.3,105.7,102.1,86.7,87.9,103.5,118.7,106.9,116.1,157.2
1314050002,"Cold Rolled (CR) Coils & Sheets, including Narrow Strip",0.09307,102.2,101.8,101.2,86.7,88.3,101.2,116.1,107.0,114.8,154.5
1314050003,GP/GC sheet,0.11260,102.1,101.4,102.2,89.8,91.1,108.5,124.1,113.6,120.2,172.1
1314050004,Steel cables,0.05514,103.0,106.9,111.0,118.4,112.6,125.9,132.2,131.1,132.7,138.5
1314060000,f. Alloy steel other than Stainless Steel- Shapes,0.06671,106.3,99.8,102.1,88.7,85.6,97.3,111.7,102.8,108.3,133.7
1314060001,Alloy steel Wire rods,0.06671,106.3,99.8,102.1,88.7,85.6,97.3,111.7,102.8,108.3,133.7
1314070000,g. Stainless Steel - Semi Finished,0.92396,101.9,98.2,103.3,89.0,84.1,98.2,112.7,102.9,108.7,141.7
1314070001,"Stainless Steel bars & rods, including flats",0.48307,88.3,88.3,93.5,84.0,82.0,88.9,95.6,93.2,94.9,112.6
1314070002,Stainless Steel Pencil Ingots/Billets/Slabs,0.41164,117.6,108.9,114.0,93.7,85.1,107.8,132.1,113.4,124.1,175.1
1314070003,"Stainless Steel Coils, Strips & Sheets",0.02925,106.3,111.3,117.1,104.6,105.2,116.4,120.8,114.5,118.1,154.2
1314080000,h. Pipes & tubes,0.20534,102.9,104.5,108.8,104.6,107.8,116.1,126.6,126.2,127.9,155.9
1314080001,Galvanized iron pipes,0.00075,104.0,105.6,110.6,104.5,101.9,106.6,113.4,111.7,112.7,135.6
1314080002,Stainless steel tubes,0.20459,102.9,104.5,108.8,104.6,107.8,116.1,126.6,126.2,128.0,156.0
1314090000,i. Manufacture of non-ferrous metals incl. precious metals,1.69264,104.2,106.5,108.7,100.9,100.1,107.9,112.2,107.0,112.3,139.7
1314090001,Copper metal/Copper Rings,0.11676,98.8,99.0,101.7,93.0,88.3,99.4,106.1,102.3,110.5,130.8
1314090002,Zinc metal/zinc blocks,0.02265,105.3,112.5,119.7,113.3,119.1,134.8,140.5,136.0,136.5,152.1
1314090003,Aluminium metal,0.00188,106.6,108.1,117.7,109.3,106.3,110.7,111.0,107.6,110.8,134.2
1314090004,Aluminium powder,0.09148,102.9,107.5,114.7,106.7,107.3,115.7,122.9,118.7,120.6,161.8
1314090005,"Lead ingots, bars, blocks, plates",0.01906,103.9,110.8,106.0,94.9,98.5,112.2,116.5,113.5,114.6,135.3
1314090006,Copper shapes - bars/rods/plates/strips,0.62858,105.1,106.5,103.1,92.2,89.7,99.2,102.4,100.6,109.0,128.2
1314090007,Aluminium alloys,0.06796,103.3,107.9,115.5,109.7,111.6,112.0,115.6,108.0,110.4,138.7
1314090008,Aluminium Disk and Circles,0.03952,97.3,95.5,103.9,103.2,101.6,105.5,108.6,101.8,105.4,125.0
1314090009,Alumnium Foil,0.07863,102.4,104.7,112.6,112.4,112.5,114.3,117.3,113.8,115.9,143.5
1314090010,Aluminium shapes - bars/rods/flats,0.21326,105.7,107.1,114.0,109.0,108.4,113.8,119.6,112.8,113.9,145.4
1314090011,Brass metal/sheet/coils,0.01026,102.5,105.6,108.7,104.1,100.7,111.4,116.9,110.2,121.7,157.1
1314090012,Aluminium ingot,0.40260,105.0,108.8,113.5,106.7,108.1,115.4,119.6,109.7,113.8,152.3
1314100000,j. Castings,0.92451,105.8,104.5,98.1,98.7,102.2,104.8,109.8,112.8,109.1,118.9
1314100001,"Cast iron, castings",0.05550,105.4,109.3,109.2,108.1,105.3,107.2,112.3,113.5,114.4,124.3
1314100002,MS castings,0.78655,105.8,103.9,95.4,96.5,101.4,103.9,109.2,112.7,108.2,117.3
1314100003,Alloy steel castings,0.02077,106.3,105.2,116.4,112.3,114.0,118.2,124.5,128.6,127.6,140.2
1314100004,Aluminium castings,0.06169,105.4,108.3,115.9,112.8,105.7,109.1,111.7,108.1,109.3,127.9
1314110000,k. Forgings of steel,0.27051,102.4,103.3,110.6,115.4,118.2,118.4,126.8,146.5,145.7,159.0
1314110001,Steel forgings - rough,0.27051,102.4,103.3,110.6,115.4,118.2,118.4,126.8,146.5,145.7,159.0
1315000000,"(O). MANUFACTURE OF FABRICATED METAL PRODUCTS, EXCEPT MACHINERY AND EQUIPMENT",3.15498,103.2,103.0,105.8,105.9,105.1,109.5,115.1,115.5,115.9,130.5
1315010000,a. Manufacture of structural metal products,1.03144,107.3,105.1,107.0,105.2,102.5,105.9,112.8,113.9,114.1,123.9
1315010001,"Steel pipes, tubes & poles",0.28647,104.7,100.9,101.5,101.1,101.4,106.4,114.1,113.5,114.0,129.4
1315010002,Mild steel (MS) flats & sheets,0.14193,112.3,103.7,107.5,92.5,90.1,90.1,90.1,90.1,92.8,102.5
1315010003,Metal cutting tools & accessories,0.00124,104.9,105.7,104.2,100.5,96.8,101.4,105.3,100.1,101.9,114.0
1315010004,Jigs & Fixture,0.00541,104.4,106.1,109.1,108.5,107.7,109.2,108.9,108.0,110.4,122.0
1315010005,Steel structures,0.59281,107.4,107.4,109.6,110.2,105.8,109.3,117.7,119.8,119.2,126.5
1315010006,Bracket,0.00358,103.3,104.3,106.3,105.6,106.9,110.9,123.0,122.6,115.3,112.1
1315020000,"b. Manufacture of tanks, reservoirs and containers of metal",0.65951,102.1,102.4,104.2,109.1,109.2,122.6,127.3,124.4,127.8,156.2
1315020001,Cylinders,0.56456,102.0,101.5,102.5,108.2,108.6,123.9,128.2,124.9,128.3,157.6
1315020002,Steel Container,0.07075,101.1,107.3,114.8,114.5,112.2,113.6,123.1,122.2,126.9,153.8
1315020003,Stainless steel tank,0.02420,107.7,111.0,111.4,114.7,114.7,118.5,118.9,119.2,118.7,130.7
1315030000,"c. Manufacture of steam generators, except central heating hot water boilers",0.14462,107.8,115.6,103.5,101.9,108.5,109.0,105.9,104.7,98.9,96.1
1315030001,Boilers,0.12250,109.2,118.4,104.2,102.3,110.1,110.6,107.0,105.6,98.6,95.0
1315030002,Auxiliary plant for use with boilers,0.02212,100.3,99.9,100.0,100.0,100.0,99.9,100.0,99.9,100.3,102.0
1315040000,"d. Forging, pressing, stamping and roll-forming of metal; powder metallurgy",0.38342,97.7,93.3,97.9,98.7,94.7,90.7,96.3,100.5,96.7,117.5
1315040001,Electrical stamping- Laminated or otherwise,0.17896,96.3,86.0,95.4,104.1,95.6,90.1,93.3,92.4,85.4,120.8
1315040002,Forged Steel Rings,0.20446,98.9,99.6,100.0,94.0,93.9,91.2,98.9,107.5,106.7,114.7
1315050000,"e. Manufacture of cutlery, hand tools and general hardware",0.20758,99.7,99.6,102.4,106.1,111.5,102.3,99.7,100.5,102.9,108.2
1315050001,Stainless steel utensils,0.08546,105.0,105.3,109.8,113.2,115.5,117.5,122.5,126.0,129.6,140.1
1315050002,Stainless steel razor,0.11854,95.7,95.3,96.7,100.9,108.6,90.9,82.5,81.4,82.7,82.6
1315050003,Iron/steel hinges,0.00300,103.1,106.6,111.2,112.2,113.7,124.1,130.1,127.6,138.2,209.5
1315050004,"Copper bolts, screws, nuts",0.00012,103.0,103.3,108.4,108.4,108.7,109.6,110.9,111.2,112.8,121.6
1315050005,Lock/padlock,0.00046,101.7,105.2,115.4,105.5,99.5,97.4,99.1,99.7,100.5,106.2
1315060000,f. Manufacture of other fabricated metal products,0.72841,101.4,104.2,111.0,108.4,108.1,114.8,123.1,124.0,125.0,136.5
1315060001,"Bolts, screws, nuts & nails of Iron & steel",0.18662,101.1,100.5,105.6,96.0,94.4,104.2,113.7,111.7,114.3,130.9
1315060002,Hand tools,0.27659,97.8,100.3,105.8,108.3,109.8,122.4,138.1,142.1,141.5,149.2
1315060003,Iron/steel cap,0.01294,100.9,106.6,113.4,112.3,112.1,118.6,120.9,124.7,127.9,141.2
1315060004,Aluminium utensils,0.02264,99.4,103.0,119.6,120.2,119.6,117.2,117.1,116.4,118.8,130.9
1315060005,Sanitary fittings of Iron & Steel,0.06251,105.7,110.7,125.5,118.0,114.2,99.6,85.4,85.9,87.5,94.8
1315060006,Steel door,0.00850,108.3,114.9,125.7,129.7,134.0,149.6,152.8,151.5,150.5,163.6
1315060007,Hose pipes in set or otherwise,0.09066,107.9,114.6,123.0,118.3,118.0,118.4,120.5,120.6,120.4,129.1
1315060008,Pressure cooker,0.04521,105.3,112.2,115.6,118.6,117.0,119.1,125.9,125.4,125.1,134.3
1315060009,Steel drums and barrels,0.02274,100.4,102.3,105.3,103.0,103.2,110.5,122.6,118.6,127.3,167.6
1316000000,"(P). MANUFACTURE OF COMPUTER, ELECTRONIC AND OPTICAL PRODUCTS",2.00875,101.0,103.0,107.4,108.0,108.3,110.1,111.8,110.4,109.8,113.7
1316010000,a. Manufacture of electronic components,0.40241,104.5,107.2,105.9,105.1,106.7,103.7,100.9,98.1,99.1,106.0
1316010001,Capacitors,0.20041,103.1,107.1,109.5,109.3,113.2,107.6,101.7,97.7,101.8,108.2
1316010002,UPS in Solid State Drives,0.12825,103.7,104.6,93.9,89.5,83.6,79.7,79.2,79.5,78.2,86.7
1316010003,Electronic Printed Circuit Board (PCB)/micro circuit,0.07375,109.5,111.9,116.9,120.6,129.4,134.9,136.7,131.7,127.9,133.5
1316020000,b. Manufacture of computers and peripheral equipment,0.33637,95.7,98.3,121.3,127.5,127.3,127.4,132.5,135.0,134.8,134.7
1316020001,Personal Computer (P.C.),0.10995,100.9,100.1,114.4,115.6,115.6,115.6,115.6,115.6,115.6,115.6
1316020002,Laptops,0.19068,91.7,97.2,130.5,140.4,140.4,140.4,149.5,154.1,154.1,154.1
1316020003,Computer peripherals,0.03574,100.8,98.0,93.7,94.5,93.2,94.1,93.5,93.1,90.7,90.5
1316030000,c. Manufacture of communication equipment,0.30998,102.8,106.9,107.2,105.1,104.1,110.6,116.7,117.0,114.9,121.7
1316030001,Telephone sets including mobile hand sets,0.30578,102.8,106.9,107.3,105.2,104.2,110.9,117.0,117.4,115.3,122.3
1316030002,Modems,0.00420,100.0,99.7,95.7,95.7,95.7,95.7,95.7,85.2,84.2,79.1
1316040000,d. Manufacture of consumer electronics,0.64095,99.9,99.8,100.7,101.5,100.0,103.1,103.8,98.8,98.5,102.1
1316040001,Colour TV,0.43702,98.2,97.2,97.3,97.5,95.3,97.8,98.0,90.0,89.8,94.0
1316040002,Air conditioner,0.20393,103.7,105.4,107.8,110.0,110.0,114.3,116.4,117.6,117.2,119.4
1316050000,"e. Manufacture of measuring, testing, navigating and control equipment",0.18056,102.7,101.6,102.2,101.1,103.1,106.9,109.1,111.5,107.7,108.4
1316050001,Meter (non-electrical),0.18056,102.7,101.6,102.2,101.1,103.1,106.9,109.1,111.5,107.7,108.4
1316060000,f. Manufacture of watches and clocks,0.07551,104.4,113.3,122.7,125.0,137.9,137.8,137.9,139.1,141.8,145.6
1316060001,Watch,0.06734,103.7,112.2,121.1,122.8,137.0,136.5,135.9,137.1,139.6,141.8
1316060002,Scientific time keeping device,0.00304,114.3,130.6,158.7,175.9,185.2,185.7,193.0,198.2,209.6,215.1
1316060003,Clock,0.00513,108.2,118.0,122.7,122.6,122.6,127.5,130.8,130.8,130.8,153.7
1316070000,"g. Manufacture of irradiation, electromedical and electrotherapeutic equipment",0.05546,101.7,106.4,109.4,104.3,104.3,102.9,103.2,103.6,102.8,106.1
1316070001,"Electro-diagnostic apparatus, used in medical, surgical, dental or veterinary sciences",0.04848,101.1,105.2,107.9,102.0,102.0,100.9,101.6,102.1,101.3,102.5
1316070002,X-ray equipment,0.00698,105.6,114.2,119.8,120.3,120.2,117.3,114.2,113.4,112.8,131.1
1316080000,h. Manufacture of optical instruments and photographic equipment,0.00751,101.5,107.4,105.5,99.0,96.6,108.0,108.7,110.2,102.7,98.3
1316080001,Microscope,0.00450,100.0,105.4,104.7,97.9,91.7,107.5,108.1,108.8,112.7,118.2
1316080002,Sunglasses,0.00301,103.7,110.5,106.8,100.8,104.0,108.7,109.6,112.3,87.6,68.6
1317000000,(Q). MANUFACTURE OF ELECTRICAL EQUIPMENT,2.92970,103.4,104.8,109.5,109.0,108.2,109.6,111.7,111.3,113.6,122.3
1317010000,"a. Manufacture of electric motors, generators, transformers and electricity distribution and control apparatus",1.29789,102.2,99.7,106.7,105.6,105.0,105.8,107.7,109.0,113.2,119.7
1317010001,Generators & Alternators,0.39020,98.7,94.0,100.6,106.2,110.1,114.8,117.2,117.6,120.0,125.1
1317010002,Cooling tower,0.00949,107.2,110.9,113.7,114.5,119.7,123.8,124.9,126.4,119.0,120.2
1317010003,Rotor/magneto rotor assembly,0.00680,100.1,97.4,94.6,90.6,92.9,94.1,93.7,97.4,124.2,141.4
1317010004,Transformer,0.55072,103.6,100.2,110.6,104.5,101.4,99.0,100.9,103.0,109.7,115.9
1317010005,A C Motor,0.02218,101.4,104.0,109.7,111.8,113.0,115.5,117.9,121.1,126.5,136.7
1317010006,Electric & other meters,0.04345,100.8,100.9,102.1,98.4,94.1,95.2,95.3,96.2,96.9,101.3
1317010007,Electric switch gear control/starter,0.02069,101.3,107.6,109.7,111.5,108.9,105.5,105.7,108.5,111.5,118.4
1317010008,Meter Panel,0.05246,101.9,101.0,103.8,108.0,107.5,110.3,112.3,112.6,112.7,113.9
1317010009,Amplifier,0.00110,105.7,107.9,109.1,116.0,121.5,114.2,115.0,116.3,118.6,132.9
1317010010,Electrical relay/conductor,0.10270,107.4,108.7,110.9,103.8,102.9,105.2,108.4,109.8,112.3,129.1
1317010011,Safety fuse,0.00525,106.8,115.8,120.9,127.3,123.9,122.7,117.2,109.6,108.8,112.7
1317010012,Multimeter,0.00014,102.6,106.0,112.7,122.8,128.8,129.8,132.7,133.0,133.0,133.0
1317010013,Generator parts,0.08079,102.2,103.5,104.1,107.2,103.1,102.9,101.0,101.6,103.7,107.4
1317010014,Electrical resistors (except heating resistors),0.00732,109.8,105.7,109.8,121.9,122.6,132.9,146.7,149.7,151.4,170.9
1317010015,Solenoid valve,0.00460,109.9,117.3,129.4,132.3,138.1,137.2,147.1,148.5,148.4,165.7
1317020000,b. Manufacture of batteries and accumulators,0.23573,103.2,112.1,116.9,120.1,120.4,117.4,117.7,117.0,117.1,121.8
1317020001,Dry cells such as torch light batteries,0.04299,99.5,111.8,121.1,120.2,123.1,118.2,115.0,115.0,113.5,115.2
1317020002,Lead acid batteries for vehicles & other uses,0.00039,107.0,116.5,122.7,121.4,119.6,122.3,122.6,118.6,111.5,114.4
1317020003,Electric accumulators,0.00207,118.3,114.5,111.8,112.0,120.1,128.9,128.5,121.8,120.7,135.1
1317020004,Batteries,0.19028,103.9,112.1,116.1,120.2,119.9,117.0,118.2,117.4,117.9,123.1
1317030000,c. Manufacture of fibre optic cables for data transmission or live transmission of images,0.13327,112.2,119.7,126.0,122.1,118.8,116.5,126.1,109.9,98.1,103.1
1317030001,Fibre Optic Cables,0.13327,112.2,119.7,126.0,122.1,118.8,116.5,126.1,109.9,98.1,103.1
1317040000,d. Manufacture of other electronic and electric wires and cables,0.42798,104.6,106.7,106.9,101.3,99.7,105.7,111.2,109.7,115.9,140.7
1317040001,PVC Insulated Cable,0.08292,98.7,102.8,107.3,104.4,102.4,108.9,113.2,110.5,115.7,144.9
1317040002,Jelly Filled Cables,0.00366,102.8,107.0,116.5,109.5,103.6,107.0,118.6,115.9,123.2,134.9
1317040003,Electric Wires & Cables,0.02157,111.3,113.7,112.8,106.8,99.6,107.0,112.9,111.9,117.7,147.9
1317040004,ACSR Conductors,0.04741,103.4,106.6,111.6,109.5,109.6,114.1,117.6,114.5,116.2,129.4
1317040005,Aluminium/Alloy Conductor,0.02667,103.0,107.0,114.5,111.5,111.0,121.1,126.4,117.8,127.8,150.0
1317040006,Aluminium wire,0.01353,104.0,109.4,116.0,108.8,112.0,117.7,123.3,117.0,119.7,149.5
1317040007,Copper wire,0.07782,104.7,107.8,106.1,93.8,91.2,100.9,108.9,108.2,118.1,156.5
1317040008,Rubber Insulated Cables,0.01964,119.7,105.7,99.7,80.8,77.9,64.2,62.7,62.3,64.9,72.0
1317040009,Insulating & flexible wire,0.08644,105.3,107.1,97.9,94.9,92.3,98.9,105.5,106.8,115.8,143.7
1317040010,Connector/plug/socket/holder-electric,0.04832,106.7,107.0,112.0,109.1,111.3,116.2,122.2,122.6,124.1,131.6
1317050000,"e. Manufacture of wiring devices, electric lighting & display equipment",0.26294,98.1,101.1,104.2,109.9,108.5,109.9,108.6,111.1,111.1,114.5
1317050001,Electric switch,0.17381,94.6,98.9,101.1,109.9,107.9,109.7,106.2,109.6,110.5,112.1
1317050002,Light fitting accessories,0.03113,108.1,107.1,117.9,121.5,125.0,123.5,126.6,124.7,122.0,134.9
1317050003,Flourescent tube,0.03823,102.8,103.2,104.1,102.3,99.0,101.3,105.3,109.3,108.3,112.2
1317050004,Incandescent Lamps,0.00160,103.5,104.7,106.1,105.1,104.5,106.5,109.6,111.8,112.8,114.3
1317050005,Electric filament type lamps,0.01471,104.8,110.0,113.0,111.1,110.5,111.1,110.6,110.1,107.8,111.5
1317050006,Electrical ballast & chokes,0.00346,98.8,98.2,98.8,90.6,89.8,89.8,89.8,89.8,89.8,89.8
1317060000,f. Manufacture of domestic appliances,0.36600,107.8,113.9,116.4,118.4,119.4,121.3,121.6,119.9,119.7,128.4
1317060001,Refrigerators,0.13502,110.2,119.2,119.5,123.6,126.9,129.9,128.2,123.8,124.2,129.4
1317060002,Electric Mixers/Grinders/Food Processors,0.04313,100.5,100.0,94.9,90.7,88.1,89.9,90.4,89.5,94.0,103.7
1317060003,Air Coolers,0.00697,101.1,108.1,114.9,114.0,116.1,117.8,119.6,118.9,116.7,122.4
1317060004,Geyser,0.00269,108.3,116.8,109.6,108.5,102.0,101.1,101.9,101.9,102.1,105.5
1317060005,Fan,0.05080,100.7,103.9,106.6,108.6,109.8,113.1,115.4,116.8,120.4,139.7
1317060006,Domestic gas stove,0.00949,106.7,114.4,122.8,119.2,115.2,111.6,112.6,118.1,122.8,126.5
1317060007,Washing Machines/Laundry Machines,0.07370,106.8,111.7,116.0,115.7,117.0,114.3,115.6,116.5,117.3,128.3
1317060008,Microwave oven,0.00206,121.3,113.0,115.7,114.2,116.0,103.4,117.7,121.4,123.3,125.1
1317060009,Electric heaters,0.04214,118.3,128.0,140.7,148.2,145.8,153.0,154.0,149.5,135.8,140.0
1317070000,g. Manufacture of other electrical equipment,0.20589,101.7,104.0,107.6,107.0,104.4,107.2,108.6,108.6,109.5,113.2
1317070001,Electric welding machine,0.06077,101.7,101.0,101.7,96.4,93.6,94.1,95.3,95.9,94.9,98.7
1317070002,Motors & other DC equipment,0.03353,101.0,99.9,100.3,99.6,100.2,108.7,118.1,120.0,118.6,119.2
1317070003,Insulator,0.11159,101.9,106.8,113.1,114.9,111.5,113.8,113.0,112.1,114.7,119.3
1318000000,(R). MANUFACTURE OF MACHINERY AND EQUIPMENT,4.78899,103.6,105.8,108.3,109.2,107.9,108.9,111.3,113.1,114.0,120.0
1318010000,"a. Manufacture of engines and turbines, except aircraft, vehicle and two wheeler engines",0.63840,102.1,103.2,104.1,106.0,104.1,102.3,103.0,104.8,106.3,119.2
1318010001,Steam Turbines,0.02536,96.0,95.5,88.5,94.4,94.7,84.3,79.2,79.2,83.1,85.4
1318010002,Industrial valve,0.61304,102.3,103.5,104.8,106.5,104.5,103.1,103.9,105.8,107.2,120.7
1318020000,b. Manufacture of fluid power equipment,0.16151,106.2,106.5,111.9,115.6,114.3,115.3,118.2,119.9,119.4,122.1
1318020001,Injection pump,0.04418,104.2,105.9,115.2,124.0,119.6,120.2,121.6,122.3,124.6,127.0
1318020002,Hydraulic pump,0.00026,106.0,109.2,114.0,115.2,116.7,119.3,120.4,115.9,116.4,121.6
1318020003,Pneumatic tools,0.04017,100.2,100.2,100.2,102.7,105.2,105.9,110.1,113.1,114.2,115.6
1318020004,Water pump,0.07690,110.5,110.1,116.2,117.4,115.9,117.4,120.4,122.1,119.2,122.7
1318030000,"c. Manufacture of other pumps, compressors, taps and valves",0.55183,102.1,107.9,108.8,107.6,106.6,108.6,108.9,111.2,111.6,115.1
1318030001,Centrifugal Pumps,0.02796,105.5,103.5,105.8,107.8,108.3,110.0,111.6,114.9,116.3,125.1
1318030002,Pump sets without motor,0.25362,101.6,111.4,112.9,109.1,108.0,113.5,113.7,113.3,108.9,109.3
1318030003,Air or vacuum pump,0.17456,101.3,103.6,103.9,106.2,105.2,101.8,103.7,109.9,114.8,121.8
1318030004,Air gas compressor including compressor for refrigerator,0.05445,103.4,107.9,107.9,107.9,108.1,110.2,107.2,114.1,117.9,119.6
1318030005,Gasket kit,0.04124,105.1,107.7,107.0,103.8,101.6,103.3,102.0,97.8,103.1,109.6
1318040000,"d. Manufacture of bearings, gears, gearing and driving elements",0.34015,104.5,103.1,106.3,104.7,104.5,109.0,111.2,110.1,111.8,118.1
1318040001,Roller and ball bearings,0.28071,105.0,102.5,105.9,104.1,104.4,110.0,112.4,110.5,111.9,117.8
1318040002,Motor Starter,0.04757,100.8,104.1,106.9,106.6,104.6,103.7,105.1,108.0,111.4,119.4
1318040003,Clutches and shaft couplings,0.01187,105.6,111.6,112.5,111.5,105.8,104.9,107.2,109.5,111.2,120.3
1318050000,"e. Manufacture of ovens, furnaces and furnace burners",0.00837,115.5,107.2,98.8,83.7,77.8,78.5,78.2,80.0,80.2,74.2
1318050001,Furnaces & Ovens,0.00837,115.5,107.2,98.8,83.7,77.8,78.5,78.2,80.0,80.2,74.2
1318060000,f. Manufacture of lifting and handling equipment,0.28509,101.7,103.9,105.9,104.0,103.2,105.8,110.4,111.5,113.4,120.0
1318060001,Cranes,0.07620,102.0,101.6,105.2,95.0,93.5,96.8,104.7,113.2,114.8,126.9
1318060002,"Material handling, lifting and hoisting equipment",0.04086,99.0,105.2,101.6,101.5,102.0,104.2,107.2,108.9,109.2,111.0
1318060003,Hydraulic equipment,0.16803,102.3,104.7,107.3,108.7,107.9,110.3,113.8,111.5,113.8,119.1
1318070000,g. Manufacture of office machinery and equipment,0.00582,103.1,103.1,140.6,131.3,130.2,130.2,130.2,130.2,130.2,130.2
1318070001,Reprographic machine and scanners,0.00582,103.1,103.1,140.6,131.3,130.2,130.2,130.2,130.2,130.2,130.2
1318080000,h. Manufacture of other general-purpose machinery,0.43675,109.5,120.2,129.1,128.0,124.9,127.3,129.6,130.9,128.7,133.4
1318080001,Chillers,0.00436,104.2,106.4,108.5,116.8,116.2,114.2,119.9,119.8,121.2,121.1
1318080002,Air filters,0.25613,113.8,125.9,142.2,140.1,132.1,135.3,138.0,140.5,135.6,135.3
1318080003,Air conditioning plant,0.00015,85.8,84.7,100.3,110.4,112.3,112.3,113.1,111.5,111.9,116.1
1318080004,Filtration equipment,0.13412,103.1,114.3,111.2,111.2,117.0,119.1,120.5,119.9,121.9,135.7
1318080005,Conveyors - non-roller type,0.00093,99.3,95.4,89.6,91.4,93.4,90.5,82.6,81.4,80.5,85.2
1318080006,Oil pump,0.00200,104.0,109.3,114.6,117.5,118.0,120.7,120.4,126.3,128.9,132.3
1318080007,Deep freezers,0.01599,104.2,96.7,97.9,99.0,99.0,95.8,95.9,96.0,95.6,99.4
1318080008,Water purifier,0.02307,106.1,113.1,114.9,115.5,113.2,113.6,116.6,117.7,118.2,128.1
1318090000,i. Manufacture of agricultural and forestry machinery,0.83265,104.7,105.5,108.3,111.2,112.3,112.8,116.9,120.6,121.6,128.4
1318090001,Agricultural tractors,0.52772,104.4,104.4,107.2,111.4,113.6,114.2,116.7,119.4,120.2,124.8
1318090002,Harvesters,0.00364,103.1,105.5,108.9,109.1,109.7,108.5,108.5,110.4,118.4,129.2
1318090003,Agriculture implements,0.26218,105.4,108.2,110.7,110.8,109.7,109.9,117.3,123.4,124.9,136.5
1318090004,Threshers,0.00071,109.5,112.0,113.8,119.3,122.4,122.0,123.5,127.4,131.4,138.0
1318090005,Soil preparation & cultivation machinery (other than tractors),0.03840,103.9,101.9,108.0,111.9,111.8,114.0,117.6,120.1,119.1,122.4
1318100000,j. Manufacture of metal-forming machinery and machine tools,0.22363,101.9,106.5,108.7,107.6,100.1,99.6,101.8,108.1,108.4,114.2
1318100001,Drilling Machine,0.06894,101.6,106.3,109.3,111.5,113.7,113.4,117.5,127.4,124.3,126.1
1318100002,Grinding or polishing machine,0.02477,102.4,112.2,117.9,113.2,112.6,109.4,114.6,116.9,121.0,123.8
1318100003,Lathes,0.01044,105.7,114.0,117.4,118.8,118.7,114.5,114.4,116.1,118.3,120.0
1318100004,Precision machinery equipment/Form tools,0.11948,101.7,104.7,105.7,103.2,88.0,88.3,89.0,94.4,95.7,104.9
1318110000,"k. Manufacture of machinery for mining, quarrying and construction",0.37079,105.0,94.2,89.5,89.6,79.6,75.0,75.7,75.1,75.7,78.2
1318110001,Excavator,0.06463,112.9,114.4,116.7,116.5,116.7,110.0,107.4,108.1,111.2,120.2
1318110002,Dumper,0.06785,106.1,100.6,107.3,109.6,105.8,91.2,95.7,91.7,89.1,88.6
1318110003,Road roller,0.00995,100.1,103.6,104.8,107.3,107.3,110.6,117.1,115.5,118.7,122.9
1318110004,Loader,0.00379,103.2,115.9,123.9,127.5,136.3,133.7,139.0,140.5,141.0,141.0
1318110005,"Mining, quarrying & metallurgical machinery/parts",0.02454,107.7,106.2,98.9,100.2,100.6,100.0,102.4,103.4,105.3,109.2
1318110006,Mixing machine,0.00216,105.1,103.9,106.1,106.8,105.2,106.3,109.1,109.6,109.8,112.8
1318110007,Concrete vibrator & mixture,0.01692,101.8,102.4,102.7,104.1,103.8,103.7,102.9,103.1,104.5,109.3
1318110008,Earth moving machinery,0.18095,102.0,81.2,68.9,67.7,48.3,46.7,46.7,46.7,47.2,47.9
1318120000,"l. Manufacture of machinery for food, beverage and tobacco processing",0.22793,101.1,107.1,114.7,119.9,116.9,121.1,124.7,125.2,128.0,130.1
1318120001,Rice mill machinery,0.03071,107.6,108.1,104.9,110.8,117.7,122.6,126.7,123.2,122.3,129.4
1318120002,Pressure vessel and tank for fermentation & other food processing,0.05469,103.7,95.9,91.8,96.9,105.2,111.8,126.7,137.8,143.0,132.7
1318120003,Machinery used in the milling industry,0.02217,100.2,100.6,100.9,102.1,91.3,89.6,87.6,85.7,85.3,88.2
1318120004,Separator,0.00246,107.5,117.7,125.1,121.4,114.9,111.3,106.6,105.9,105.4,111.7
1318120005,Sugar Machinery,0.11790,98.2,113.0,130.4,136.3,127.0,131.2,130.6,127.8,131.0,137.4
1318130000,"m. Manufacture of machinery for textile, apparel and leather production",0.19214,102.5,106.5,112.1,110.7,116.2,117.4,119.9,119.7,121.9,125.3
1318130001,Open end spinning machinery,0.13728,101.5,107.8,113.3,110.2,118.0,120.3,122.2,121.0,123.1,124.4
1318130002,Sewing Machines,0.01112,106.4,109.3,109.5,107.0,107.4,109.7,111.9,118.6,124.1,136.0
1318130003,Roller mill (Raymond),0.00190,99.8,100.7,101.7,105.3,123.1,131.5,140.9,145.5,139.9,151.7
1318130004,Printing machinery,0.04184,104.9,101.8,109.1,113.5,112.2,109.3,113.7,114.6,116.4,124.3
1318140000,n. Manufacture of other special-purpose machinery,0.46834,102.4,107.6,108.2,112.6,115.8,119.5,123.8,126.3,128.7,134.7
1318140001,Machinery for plastic products - extruded,0.08373,97.9,103.4,98.7,101.6,97.7,98.7,100.9,101.2,101.6,107.7
1318140002,Moulding Machine,0.09108,108.3,111.1,117.9,124.2,134.1,139.1,147.8,150.3,151.0,156.6
1318140003,Chemical equipment & system,0.00731,104.9,101.2,115.1,134.6,139.8,139.2,142.9,142.7,144.1,144.1
1318140004,Pharmaceutical Machinery,0.19273,103.8,110.2,106.5,111.0,115.1,119.0,123.8,128.9,133.4,140.3
1318140005,Packing machine,0.01276,92.7,106.4,104.4,111.1,112.1,109.4,106.3,109.5,107.9,106.0
1318140006,Evaporator,0.08073,98.1,102.8,111.0,113.1,114.1,119.9,121.0,120.3,122.1,128.6
1318150000,o. Manufacture of renewable electricity generating equipment,0.04559,86.8,78.2,78.1,77.4,73.7,70.4,67.3,66.0,65.2,66.6
1318150001,Solar power system (solar panel & attachable equipment),0.02582,76.6,63.3,59.7,58.6,56.6,50.8,45.3,43.6,42.2,44.8
1318150002,Windmill turbines (2500KW),0.01977,100.2,97.7,102.1,102.0,96.1,96.0,95.9,95.2,95.2,95.3
1319000000,"(S). MANUFACTURE OF MOTOR VEHICLES, TRAILERS AND SEMI-TRAILERS",4.96853,102.8,107.4,109.8,110.7,110.4,110.7,112.8,114.5,117.8,122.7
1319010000,a. Manufacture of motor vehicles,2.60026,103.0,110.8,113.7,113.6,113.4,112.6,113.3,115.2,119.4,122.6
1319010001,"Light, medium & heavy commercial vehicles",0.69584,107.4,113.0,114.1,113.6,114.1,113.9,114.1,114.2,114.5,116.1
1319010002,Minibus/bus,0.79295,105.9,108.1,109.7,111.0,111.6,115.0,116.5,120.0,128.4,134.2
1319010003,Passenger vehicles,0.86336,95.9,111.6,119.8,119.1,117.2,111.1,110.9,111.8,115.2,115.6
1319010004,Chassis of different vehicle types,0.15893,105.5,112.7,102.6,102.7,105.4,108.4,110.7,115.6,123.1,130.1
1319010005,Body (for commercial motor vehicles),0.08918,107.1,107.8,107.4,105.1,100.2,103.1,107.3,111.0,112.6,125.0
1319020000,b. Manufacture of parts and accessories for motor vehicles,2.36827,102.7,103.6,105.5,107.5,107.2,108.6,112.2,113.7,116.1,122.7
1319020001,Engine,0.83798,103.7,106.0,106.7,108.2,105.3,105.3,108.4,113.3,117.0,121.2
1319020002,Wheels/Wheels & parts,0.14275,102.0,96.6,99.8,97.8,94.0,97.5,103.0,105.8,102.2,118.2
1319020003,Shock absorbers,0.10028,102.1,99.7,102.5,100.1,101.0,101.9,103.3,103.4,99.3,104.1
1319020004,Shafts of all kinds,0.07112,105.4,105.4,108.7,106.5,113.1,113.3,116.9,119.6,122.7,126.4
1319020005,Axles of motor vehicles,0.12553,105.0,108.3,107.0,108.1,108.7,110.7,113.7,114.4,118.7,126.1
1319020006,Radiators & coolers,0.06161,101.3,109.7,115.0,113.2,111.7,108.3,109.7,118.3,122.6,134.0
1319020007,Piston ring/Piston and Compressor,0.05103,105.6,110.7,116.3,123.1,125.9,131.6,134.6,131.8,131.8,137.6
1319020008,Crankshaft,0.02807,95.8,90.9,98.8,98.1,96.7,100.4,100.7,97.8,100.0,105.0
1319020009,Silencer and Damper,0.07898,95.8,95.3,90.4,100.7,101.7,103.7,106.0,108.3,117.5,122.3
1319020010,"Brake pad/brake liner/brake block/Brake rubber, others",0.10145,96.1,97.8,99.5,108.2,108.1,108.4,115.2,120.2,118.7,127.8
1319020011,Head lamp,0.03681,99.5,102.3,105.6,116.9,122.0,126.3,132.5,129.4,131.0,141.0
1319020012,Gear box and parts,0.31546,101.5,98.7,96.3,98.7,101.5,102.1,105.2,106.2,107.4,111.9
1319020013,Steering gear control system,0.08627,98.3,99.4,97.1,103.8,105.6,105.9,105.4,108.8,110.2,119.1
1319020014,Cylinder liners,0.08823,105.6,108.1,109.5,108.0,105.0,105.2,106.1,110.8,110.5,112.2
1319020015,Chain,0.02190,104.4,105.3,107.4,107.3,103.9,105.6,109.4,111.5,113.3,126.0
1319020016,Release valve,0.00101,116.8,124.5,124.2,110.0,108.6,114.0,120.5,120.4,120.5,130.6
1319020017,Filter element,0.05030,102.8,103.8,99.9,105.4,106.6,98.6,96.6,97.8,99.8,108.3
1319020018,Seat for motor vehicles,0.15245,106.7,108.7,130.1,131.2,132.6,146.3,158.6,137.5,144.1,158.9
1319020019,Ignition device,0.01704,104.4,122.0,127.2,129.6,150.0,154.7,158.0,158.8,158.8,165.9
1320000000,(T). MANUFACTURE OF OTHER TRANSPORT EQUIPMENT,1.64777,101.5,103.0,106.2,105.9,107.7,110.2,111.7,118.0,126.2,131.7
1320010000,a. Building of ships and floating structures,0.11734,105.3,140.0,158.6,158.6,158.7,158.8,158.8,158.8,158.8,158.9
1320010001,"Fishing vessels, trawlers",0.11340,105.5,141.4,160.7,160.7,160.7,160.7,160.7,160.7,160.7,160.7
1320010002,Propellers & Blades of Boats/Ships,0.00394,98.3,99.3,100.3,100.9,102.5,103.8,104.2,105.1,105.0,108.6
1320020000,b. Manufacture of railway locomotives and rolling stock,0.10979,100.9,106.3,99.6,95.9,100.6,104.0,104.7,106.4,105.0,104.4
1320020001,Wagons,0.06331,100.3,102.3,89.9,85.1,90.3,91.3,91.0,94.5,93.6,92.4
1320020002,EMU coaches,0.02715,100.3,105.3,109.4,109.4,109.4,110.0,111.3,111.3,111.3,111.3
1320020003,Diesel/Electric locomotive,0.01891,104.1,120.8,118.0,113.0,122.6,138.0,141.5,139.6,134.7,134.7
1320020004,Railway brake gear,0.00042,101.0,104.9,104.7,102.2,97.5,95.3,93.8,92.6,92.6,93.3
1320030000,c. Manufacture of motor cycles,1.30205,100.8,98.8,101.4,101.1,102.8,105.3,106.6,114.3,124.7,131.0
1320030001,Motor cycles,1.16610,100.7,98.8,101.6,101.4,103.2,105.6,106.9,115.1,126.3,132.6
1320030002,Scooters,0.12322,101.3,97.1,98.0,97.2,97.3,99.6,101.4,103.9,107.4,113.1
1320030003,Auto rickshaw/Tempo/Matador/Three wheelers,0.01273,107.0,113.0,115.8,116.0,122.5,128.4,133.3,137.1,146.6,154.5
1320040000,d. Manufacture of bicycles and invalid carriages,0.11700,105.9,109.9,114.1,115.0,118.0,121.3,127.8,128.9,130.3,137.2
1320040001,Bicycles of all types,0.11700,105.9,109.9,114.1,115.0,118.0,121.3,127.8,128.9,130.3,137.2
1320050000,e. Manufacture of other transport equipment,0.00159,110.9,112.3,113.5,117.5,116.5,119.9,123.5,126.1,128.5,135.9
1320050001,Tanker,0.00159,110.9,112.3,113.5,117.5,116.5,119.9,123.5,126.1,128.5,135.9
1321000000,(U). MANUFACTURE OF FURNITURE,0.72672,105.4,111.5,116.5,112.7,114.1,120.3,127.3,130.9,133.2,150.1
1321010000,a. Manufacture of furniture,0.72672,105.4,111.5,116.5,112.7,114.1,120.3,127.3,130.9,133.2,150.1
1321010001,Wooden furniture,0.18979,101.4,104.2,110.1,106.9,109.2,112.3,117.8,118.2,118.5,123.6
1321010002,Plastic fixtures,0.09781,110.9,118.6,120.6,115.5,111.4,109.3,111.8,114.2,117.4,126.8
1321010003,Steel shutter gate,0.06840,107.5,116.4,122.0,122.7,128.0,138.9,161.3,170.6,181.6,220.2
1321010004,Iron/Steel Furniture,0.26311,104.2,109.6,112.1,102.6,105.7,111.8,118.5,119.1,121.7,137.2
1321010005,Hospital furniture,0.00087,103.6,107.9,115.9,116.9,119.7,123.6,116.2,118.7,114.8,122.8
1321010006,Foam and rubber mattress,0.10674,109.4,119.8,131.7,138.5,137.1,153.6,158.8,172.7,171.5,205.7
1322000000,(V). OTHER MANUFACTURING,1.06417,96.4,95.7,105.4,116.9,119.7,109.2,107.0,112.7,132.4,137.9
1322010000,a. Manufacture of jewellery and related articles,0.99638,95.3,94.2,104.2,115.5,118.4,106.7,103.9,109.9,130.5,136.0
1322010001,Gold & gold ornaments,0.96561,95.0,94.4,105.2,117.0,119.8,107.8,105.0,110.9,131.5,136.6
1322010002,Silver,0.03077,103.8,85.0,71.9,65.8,76.2,71.7,70.4,78.2,98.9,119.5
1322020000,b. Manufacture of musical instruments,0.00124,105.6,120.3,133.8,153.7,158.0,171.0,174.1,174.0,173.7,192.3
1322020001,"Stringed musical instruments (incl. Santoor, Guitars, etc.)",0.00124,105.6,120.3,133.8,153.7,158.0,171.0,174.1,174.0,173.7,192.3
1322030000,c. Manufacture of sports goods,0.01238,106.5,106.6,113.9,118.0,124.7,126.0,127.4,129.7,132.0,140.4
1322030001,Sports goods of rubber (incl. balls),0.00367,106.8,104.1,112.8,113.3,119.3,119.2,116.7,116.3,116.8,125.6
1322030002,Cricket ball,0.00023,108.9,119.1,133.5,158.2,160.3,161.8,163.8,167.5,178.3,202.2
1322030003,Cricket Bat,0.00206,107.3,109.6,113.7,122.1,128.5,133.7,139.3,144.1,144.3,153.3
1322030004,Football,0.00562,105.9,106.2,113.7,117.5,125.7,126.5,128.4,129.3,133.5,141.7
1322030005,Table Tennis Table,0.00080,106.9,110.4,115.0,120.2,122.0,124.1,129.5,145.7,147.1,148.3
1322040000,d. Manufacture of games and toys,0.00476,105.4,112.1,118.2,123.3,125.2,128.2,132.2,136.9,142.4,150.9
1322040001,Playing Cards,0.00207,104.2,110.7,117.8,124.2,126.9,130.3,132.6,134.0,141.6,150.1
1322040002,Carrom board,0.00045,107.6,114.9,121.7,130.5,135.0,132.1,134.1,140.1,147.6,174.3
1322040003,Plastic moulded-others toys,0.00210,106.1,112.7,117.6,120.2,120.7,124.5,130.0,136.0,138.9,143.5
1322040004,Non Mechanical Toys,0.00014,107.1,113.3,121.6,130.7,137.5,139.8,153.0,182.4,189.7,197.3
1322050000,e. Manufacture of medical and dental instruments and supplies,0.04941,115.5,122.4,125.1,144.6,143.3,151.9,159.2,162.1,167.4,171.8
1322050001,Intraocular Lens,0.04941,115.5,122.4,125.1,144.6,143.3,151.9,159.2,162.1,167.4,171.8
2000000000,IV FOOD INDEX,24.37758,110.0,120.6,125.8,127.3,134.7,137.3,138.1,147.6,153.4,163.8